community,n_brnpdb,mean_consensus,compound_names,mcs_smarts,recurring_groups,shared_scaffolds
41217,8,0.3641,"1H-Cycloprop[e]azulen-4-ol, decahydro-1,1,4,7-tetramethyl-, (1aS,4S,4aR,7S,7aR,7bR)- | 1H-Cycloprop[e]azulen-4-ol, decahydro-1,1,4,7-tetramethyl-, (1aR,4S,4aS,7R,7aS,7bS)- | 1H-Cycloprop[e]azulen-4-ol, decahydro-1,1,4,7-tetramethyl-, (1aR,4S,4aR,7R,7aS,7bS)- | 1H-Cycloprop[e]azulen-4-ol, decahydro-1",[#6&!R]-&!@[#6]1-&@[#6]-&@[#6]-&@[#6]2-&@[#6]-&@1-&@[#6]1-&@[#6](-&@[#6]-&@1(-&!@[#6&!R])-&!@[#6&!R])-&@[#6]-&@[#6]-&@[#6]-&@2,hydroxyl(4); alkene(4),C1CC2CCCC2C2CC2C1 (x4); C=C1CC[C@H]2C[C@H]2[C@@H]2CCC[C@@H]12 (x3)
24793,7,0.2137,"Bicyclo[7.2.0]undec-4-ene, 4,11,11-trimethyl-8-methylene-, (1R,4E,9S)- | Bicyclo[7.2.0]undec-4-ene, 4,11,11-trimethyl-8-methylene-, (1R,4Z,9S)- | Bicyclo[7.2.0]undec-4-ene, 4,11,11-trimethyl-8-methylene-, (1R,4E,9R)- | 5-Oxatricyclo[8.2.0.04,6]dodecane, 4,12,12-trimethyl-9-methylene-, (1R,4R,6R,10S)",[#6]1-&@[#6]-&@[#6](-&@[#6]-&@1)(-&!@[#6&!R])-&!@[#6&!R],alkene(7),C=C1CC/C=C/CC[C@H]2CC[C@H]12 (x3); C=C1CCC2OC2CCC2CCC12 (x2)
41273,6,0.0223,D-Arabinose | D-Ribose | D-Xylose | Arabinose | L-Arabinose | L-Lyxose,[#8&!R],hydroxyl(6); ether(4); pyranose_sugar(4),C1CCOCC1 (x4); (none) (x2)
41230,6,0.3371,"4H-1-Benzopyran-4-one, 3-(α-L-arabinopyranosyloxy)-2-(3,4-dihydroxyphenyl)-5,7-dihydroxy- | 4H-1-Benzopyran-4-one, 2-(3,4-dihydroxyphenyl)-5,7-dihydroxy-3-(D-xylopyranosyloxy)- | 4H-1-Benzopyran-4-one, 3-(β-L-arabinopyranosyloxy)-2-(3,4-dihydroxyphenyl)-5,7-dihydroxy- | 4H-1-Benzopyran-4-one, 3-(ara",[#6]1(-&@[#6](-&!@[#8&!R])-&@[#6](-&!@[#8&!R])-&@[#6](-&@[#6]-&@[#8]-&@1)-&!@[#8&!R])-&!@[#8&!R]-&!@[#6]1:&@[#6](:&@[#8]:&@[#6]2:&@[#6](:&@[#6]:&@1=&!@[#8&!R]):&@[#6](:&@[#6]:&@[#6](:&@[#6]:&@2)-&!@[#8&!R])-&!@[#8&!R])-&!@[#6]1:&@[#6]:&@[#6](:&@[#6](:&@[#6]:&@[#6]:&@1)-&!@[#8&!R])-&!@[#8&!R],aromatic_benzene(6); phenol(6); catechol(6); hydroxyl(6); ether(6); pyranose_sugar(6),O=c1c(O[C@H]2CCCCO2)c(-c2ccccc2)oc2ccccc12 (x3); O=c1c(OC2CCCCO2)c(-c2ccccc2)oc2ccccc12 (x2)
18465,5,0.1035,"2(5H)-Furanone, 5-(2,4,6-octatriyn-1-yl)-, (5R)- | 2(3H)-Furanone, dihydro-4-hydroxy-5-(2,4,6-octatriyn-1-yl)-, (4S,5R)- | 2(3H)-Furanone, dihydro-4-hydroxy-5-(2,4,6-octatriyn-1-yl)-, (4R,5S)-rel- | 2(3H)-Furanone, 5-(1,8-dihydroxy-2,4,6-octatriyn-1-yl)dihydro-, (5S)- | 2(3H)-Furanone, dihydro-5-(8-",[#6&!R](-&!@[#6&!R]#&!@[#6&!R]-&!@[#6&!R]#&!@[#6&!R]-&!@[#6&!R]#&!@[#6&!R]-&!@[#6&!R])-&!@[#6&R],ester(5); ether(5); alkyne(5); lactone(5); hydroxyl(4),O=C1CCCO1 (x4)
41231,5,0.025,D-Mannose | D-Galactose | D-Glucose | D-Galacturonic acid | D-Glucuronic acid,[#6&!R](-&!@[#6]1-&@[#6](-&@[#6](-&@[#6](-&@[#6](-&@[#8]-&@1)-&!@[#8&!R])-&!@[#8&!R])-&!@[#8&!R])-&!@[#8&!R])-&!@[#8&!R],hydroxyl(5); ether(5); pyranose_sugar(5); carboxylic_acid(2),C1CCOCC1 (x5)
19661,4,0.0194,"γ-Terpinene | 1,5-Cyclodecadiene, 1,5-dimethyl-8-(1-methylethenyl)-, (1E,5E,8R)- | 1,5-Cyclodecadiene, 1,5-dimethyl-8-(1-methylethenyl)-, (1E,5E,8S)- | 1,5-Cyclodecadiene, 1,5-dimethyl-8-(1-methylethenyl)-, (1E,5Z,8S)-",[#6&R]-&!@[#6&!R]-&!@[#6&!R],alkene(4),
41263,4,0.1311,"Bicyclo[2.2.1]heptan-2-ol, 1,7,7-trimethyl-, 2-acetate | Bicyclo[2.2.1]heptan-2-ol, 1,7,7-trimethyl-, 2-acetate, (1R,2R,4R)-rel- | Bicyclo[2.2.1]heptan-2-ol, 1,7,7-trimethyl-, 2-acetate, (1R,2S,4R)-rel- | Bicyclo[3.1.0]hexan-3-ol, 4-methylene-1-(1-methylethyl)-, 3-acetate, (1S,3S,5S)-",[#6&!R](-&!@[#6&!R])(=&!@[#8&!R])-&!@[#8&!R]-&!@[#6]1-&@[#6]-&@[#6](-&@[#6]-&@[#6]-&@1)-&!@[#6&!R],ester(4); ether(4); lactone(4),C1CC2CCC1C2 (x3)
41207,4,0.1215,"Stigmast-5-en-3-ol, (3β,24S)- | Stigmast-5-en-3-ol, (3β)- | Stigmast-5-en-3-ol, (3β,24ξ)- | Stigmast-5-en-3-ol",[#6&!R]-&!@[#6&!R]-&!@[#6&!R](-&!@[#6&!R]-&!@[#6&!R]-&!@[#6&!R](-&!@[#6&!R])-&!@[#6]1-&@[#6]-&@[#6]-&@[#6]2-&@[#6]-&@1(-&@[#6]-&@[#6]-&@[#6]1-&@[#6]-&@2-&@[#6]-&@[#6]=&@[#6]2-&@[#6]-&@1(-&@[#6]-&@[#6]-&@[#6](-&@[#6]-&@2)-&!@[#8&!R])-&!@[#6&!R])-&!@[#6&!R])-&!@[#6&!R](-&!@[#6&!R])-&!@[#6&!R],hydroxyl(4); alkene(4),C1=C2CCCCC2[C@H]2CCC3CCC[C@H]3[C@@H]2C1 (x4)
4022,4,0.6161,"9,12-Octadecadienoic acid, (9E,12E)- | 9,12-Octadecadienoic acid (9Z,12Z)- | 9,12-Octadecadienoic acid | myristic acid",[#6&!R]-&!@[#6&!R]-&!@[#6&!R]-&!@[#6&!R]-&!@[#6&!R]-&!@[#6&!R]-&!@[#6&!R]-&!@[#6&!R]-&!@[#6&!R](=&!@[#8&!R])-&!@[#8&!R],carboxylic_acid(4); alkene(3),(none) (x4)
36713,4,0.384,"L-Cysteine, L-tyrosylglycyl-L-leucyl-L-seryl-L-lysylglycyl-L-cysteinyl-L-phenylalanylglycyl-L-leucyl-L-lysyl-L-leucyl-L-α-aspartyl-L-arginyl-L-isoleucylglycyl-L-seryl-L-methionyl-L-serylglycyl-L-leucylglycyl-, cyclic (7→23)-disulfide | 4H-1-Benzopyran-4-one, 2-(3,4-dihydroxyphenyl)-3-(β-D-glucopyran",[#8&!R]-&!@[#6]1:&@[#6]:&@[#6](:&@[#6]:&@[#6]:&@[#6]:&@1-&!@[#8&!R])-&!@[#6]1:&@[#8]:&@[#6]2:&@[#6](:&@[#6](:&@[#6]:&@1-&!@[#8&!R]-&!@[#6]1-&@[#6](-&!@[#8&!R])-&@[#6](-&!@[#8&!R])-&@[#6](-&@[#6](-&@[#8]-&@1)-&!@[#6&!R]-&!@[#8&!R])-&!@[#8&!R])=&!@[#8&!R]):&@[#6](:&@[#6]:&@[#6](:&@[#6]:&@2)-&!@[#8&!R])-&!@[#8&!R],aromatic_benzene(3); phenol(3); catechol(3); hydroxyl(3); ether(3); pyranose_sugar(3),O=c1c(O[C@H]2CCCCO2)c(-c2ccccc2)oc2ccccc12 (x3)
31868,3,0.2282,"1H-Cyclopenta[1,3]cyclopropa[1,2]benzene, octahydro-7-methyl-3-methylene-4-(1-methylethyl)-, (3aS,3bR,4S,7R,7aR)- | 1H-Cycloprop[e]azulene, decahydro-1,1,4-trimethyl-7-methylene-, (1aR,4R,4aR,7aR,7bR)- | Cyclobuta[1,2:3,4]dicyclopentene, decahydro-3a-methyl-6-methylene-1-(1-methylethyl)-, (1S,3aS,3b",[#6&!R]-&!@[#6&R]1-&@[#6&R]-&@[#6&R]-&@[#6&R]-&@[#6&R]-&@[#6]2-&@[#6]-&@1-&@[#6]-&@[#6]-&@[#6]-&@2=&!@[#6&!R],alkene(3),
33028,3,0.0865,"1H-Cyclopenta[1,3]cyclopropa[1,2]benzene, 3a,3b,4,5,6,7-hexahydro-3,7-dimethyl-4-(1-methylethyl)-, (3aS,3bR,4S,7R,7aR)- | Tricyclo[4.4.0.02,7]dec-3-ene, 1,3-dimethyl-8-(1-methylethyl)-, (1R,2S,6S,7S,8S)- | Tricyclo[4.4.0.02,7]dec-3-ene, 1,3-dimethyl-8-(1-methylethyl)-, (1S,2R,6R,7R,8S)-",[#6&!R]-&!@[#6&R]1=&@[#6&R]-&@[#6&R]-&@[#6]2-&@[#6](-&@[#6&R]-&@1)-&@[#6](-&@[#6]-&@[#6]-&@[#6]-&@2-&!@[#6&!R])-&!@[#6&!R](-&!@[#6&!R])-&!@[#6&!R],alkene(3),C1=CC2C3CCCC2C3C1 (x2)
41171,3,0.4779,"Urs-12-en-28-oic acid, 3-hydroxy-, (3β,19α,20β)- | Urs-12-en-28-oic acid, 3-hydroxy-, (3β)- | Urs-12-en-28-oic acid, 3-hydroxy-, (3α)-",[#6&!R]-&!@[#6]1-&@[#6]-&@[#6]-&@[#6]2(-&@[#6](-&@[#6]-&@1-&!@[#6&!R])-&@[#6]1-&@[#6](-&@[#6]-&@[#6]-&@2)(-&!@[#6&!R])-&@[#6]2(-&@[#6](-&@[#6]-&@[#6]=&@1)-&@[#6]1(-&@[#6](-&@[#6]-&@[#6]-&@2)-&@[#6](-&@[#6](-&@[#6]-&@[#6]-&@1)-&!@[#8&!R])(-&!@[#6&!R])-&!@[#6&!R])-&!@[#6&!R])-&!@[#6&!R])-&!@[#6&!R](=&!@[#8&!R])-&!@[#8&!R],carboxylic_acid(3); hydroxyl(3); alkene(3),C1=C2C3CCCCC3CCC2C2CCC3CCCCC3C2C1 (x3)
36242,3,0.3299,"4H-1-Benzopyran-4-one, 3-[(6-deoxy-β-D-mannopyranosyl)oxy]-2-(3,4-dihydroxyphenyl)-5,7-dihydroxy- | 4H-1-Benzopyran-4-one, 3-[(6-deoxy-α-L-mannopyranosyl)oxy]-2-(3,4-dihydroxyphenyl)-5,7-dihydroxy- | 4H-1-Benzopyran-4-one, 2-(3,4-dihydroxyphenyl)-6-β-D-glucopyranosyl-5,7-dihydroxy-",[#6]1:&@[#6](:&@[#8]:&@[#6]2:&@[#6](:&@[#6]:&@1=&!@[#8&!R]):&@[#6](:&@[#6]:&@[#6](:&@[#6]:&@2)-&!@[#8&!R])-&!@[#8&!R])-&!@[#6]1:&@[#6]:&@[#6](:&@[#6](:&@[#6]:&@[#6]:&@1)-&!@[#8&!R])-&!@[#8&!R],aromatic_benzene(3); phenol(3); catechol(3); hydroxyl(3); ether(3); pyranose_sugar(2),O=c1c(O[C@H]2CCCCO2)c(-c2ccccc2)oc2ccccc12 (x2)
41149,3,0.1258,"tricyclene | 1H-Cycloprop[e]azulene, 1a,2,3,4,4a,5,6,7b-octahydro-1,1,4,7-tetramethyl-, (1aR,4R,4aR,7bS)-rel- | 1H-Cycloprop[e]azulene, 1a,2,3,4,4a,5,6,7b-octahydro-1,1,4,7-tetramethyl-, (1aR,4R,4aR,7bS)-",[#6&!R]-&!@[#6&R]-&@[#6&R](-&@[#6&R]-&@[#6]1-&@[#6](-&@[#6]-&@1)-&!@[#6&!R])-&@[#6&R],alkene(2),
41249,2,0.3703,"2-Propenoic acid, 3-[2,2-dimethyl-8-(3-methyl-2-buten-1-yl)-2H-1-benzopyran-6-yl]-, (2E)- | 2-Propenoic acid, 3-[2,2-dimethyl-8-(3-methyl-2-buten-1-yl)-2H-1-benzopyran-6-yl]-, (2Z)-",[#6&!R]-&!@[#6]1(-&@[#8]-&@[#6]2:&@[#6](-&@[#6]=&@[#6]-&@1):&@[#6]:&@[#6](:&@[#6]:&@[#6]:&@2-&!@[#6&!R]-&!@[#6&!R]=&!@[#6&!R](-&!@[#6&!R])-&!@[#6&!R])-&!@[#6&!R]=&!@[#6&!R]-&!@[#6&!R](=&!@[#8&!R])-&!@[#8&!R])-&!@[#6&!R],aromatic_benzene(2); phenol(2); carboxylic_acid(2); ether(2); alkene(2),C1=Cc2ccccc2OC1 (x2)
41134,2,0.4194,Quercetin | 3-O-methylquercetin,[#6]1:&@[#6]:&@[#6](:&@[#6](:&@[#6]:&@[#6]:&@1-&!@[#6]1:&@[#6](:&@[#6](=&!@[#8&!R]):&@[#6]2:&@[#6](:&@[#8]:&@1):&@[#6]:&@[#6](:&@[#6]:&@[#6]:&@2-&!@[#8&!R])-&!@[#8&!R])-&!@[#8&!R])-&!@[#8&!R])-&!@[#8&!R],aromatic_benzene(2); phenol(2); catechol(2),O=c1cc(-c2ccccc2)oc2ccccc12 (x2)
41271,2,0.0082,"12-Oxabicyclo[9.1.0]dodeca-3,7-diene, 1,5,5,8-tetramethyl-, (1R,3E,7E,11R)- | 12-Oxabicyclo[9.1.0]dodeca-3,7-diene, 1,5,5,8-tetramethyl-",[#6&!R]-&!@[#6]1=&@[#6]-&@[#6]-&@[#6](-&@[#6]=&@[#6]-&@[#6]-&@[#6]2(-&@[#6](-&@[#6]-&@[#6]-&@1)-&@[#8]-&@2)-&!@[#6&!R])(-&!@[#6&!R])-&!@[#6&!R],ether(2); alkene(2); epoxide(2),
507,2,0.2759,"Olean-12-en-3-ol, (3β)- | nerolidol",[#6&!R],hydroxyl(2); alkene(2),
41129,2,0.0392,"α-L-Mannopyranose, 6-deoxy- | α-D-Galactopyranose, 6-deoxy-",[#6&!R]-&!@[#6]1-&@[#6](-&@[#6](-&@[#6](-&@[#6](-&@[#8]-&@1)-&!@[#8&!R])-&!@[#8&!R])-&!@[#8&!R])-&!@[#8&!R],hydroxyl(2); ether(2); pyranose_sugar(2),C1CCOCC1 (x2)
38940,2,0.5202,"L-Galactose, 6-deoxy- | L-Mannose, 6-deoxy-",[#6&!R]-&!@[#6]1-&@[#6](-&@[#6](-&@[#6](-&@[#6](-&@[#8]-&@1)-&!@[#8&!R])-&!@[#8&!R])-&!@[#8&!R])-&!@[#8&!R],hydroxyl(2); ether(2); pyranose_sugar(2),C1CCOCC1 (x2)
33410,2,0.0722,"1H-Cycloprop[e]azulen-7-ol, decahydro-1,1,7-trimethyl-4-methylene-, (1aR,4aR,7S,7aR,7bR)- | 1H-Cycloprop[e]azulen-7-ol, decahydro-1,1,7-trimethyl-4-methylene-, (1aS,4aS,7R,7aS,7bS)-",[#6&!R]-&!@[#6]1(-&@[#6]2-&@[#6]-&@1-&@[#6]-&@[#6]-&@[#6](-&@[#6]1-&@[#6]-&@2-&@[#6](-&@[#6]-&@[#6]-&@1)(-&!@[#8&!R])-&!@[#6&!R])=&!@[#6&!R])-&!@[#6&!R],hydroxyl(2); alkene(2),C=C1CCC2CC2C2CCCC12 (x2)
32939,2,0.0739,"4H-Benzo[de][1,6]naphthyridine, 8,9-dimethoxy-4-methyl- | Terpinen-4-ol",[#6&R]-&!@[#8&!R],alkene(2),
31128,2,0.5245,"Cyclohexane, 1-ethenyl-1-methyl-2,4-bis(1-methylethenyl)-, (1S,2S,4R)- | Cyclohexane, 1-ethenyl-1-methyl-2,4-bis(1-methylethenyl)-, (1R,2R,4S)-rel-",[#6&!R]-&!@[#6&!R](=&!@[#6&!R])-&!@[#6]1-&@[#6]-&@[#6]-&@[#6](-&@[#6](-&@[#6]-&@1)-&!@[#6&!R](=&!@[#6&!R])-&!@[#6&!R])(-&!@[#6&!R])-&!@[#6&!R]=&!@[#6&!R],alkene(2),C1CCCCC1 (x2)
29867,2,0.0508,Linalool | α-Pinene,[#6&!R],alkene(2),
27879,2,0.3531,"2-Propenoic acid, 3-[4-hydroxy-3,5-bis(3-methyl-2-buten-1-yl)phenyl]- | 2-Propenoic acid, 3-[4-hydroxy-3,5-bis(3-methyl-2-buten-1-yl)phenyl]-, (2E)-",[#8&!R]-&!@[#6]1:&@[#6](:&@[#6]:&@[#6](:&@[#6]:&@[#6]:&@1-&!@[#6&!R]-&!@[#6&!R]=&!@[#6&!R](-&!@[#6&!R])-&!@[#6&!R])-&!@[#6&!R]=&!@[#6&!R]-&!@[#6&!R](=&!@[#8&!R])-&!@[#8&!R])-&!@[#6&!R]-&!@[#6&!R]=&!@[#6&!R](-&!@[#6&!R])-&!@[#6&!R],aromatic_benzene(2); phenol(2); carboxylic_acid(2); alkene(2),c1ccccc1 (x2)
18203,2,0.5238,"5-Azulenemethanol, 1,2,3,4,5,6,7,8-octahydro-α,α,3,8-tetramethyl-, (3S,5R,8S)- | Dodecanedioic acid",[#6&!R](-&!@[#6&!R])-&!@[#6&!R],,
17189,2,0.0445,"2-Naphthalenemethanol, 1,2,3,4,4a,5,6,7-octahydro-α,α,4a,8-tetramethyl-, (2R,4aS)- | 2-Naphthalenemethanol, 1,2,3,4,4a,5,6,7-octahydro-α,α,4a,8-tetramethyl-, (2R,4aR)-",[#6&!R]-&!@[#6&!R](-&!@[#8&!R])(-&!@[#6]1-&@[#6]-&@[#6]2=&@[#6](-&@[#6]-&@[#6]-&@[#6]-&@[#6]-&@2(-&@[#6]-&@[#6]-&@1)-&!@[#6&!R])-&!@[#6&!R])-&!@[#6&!R],hydroxyl(2); alkene(2),C1=C2CCCCC2CCC1 (x2)
6846,2,0.2365,"lauric acid | 2(3H)-Furanone, dihydro-4-hydroxy-5-(8-hydroxy-2,4,6-octatriyn-1-yl)-, (4S,5S)-",[#6&!R]-&!@[#6&!R]-&!@[#8&!R],,
35267,2,0.0759,"Naphthalene, 1,2,3,5,6,8a-hexahydro-4,7-dimethyl-1-(1-methylethyl)-, (1S,8aS)- | Naphthalene, 1,2,3,5,6,8a-hexahydro-4,7-dimethyl-1-(1-methylethyl)-, (1S,8aR)-",[#6&!R]-&!@[#6]1=&@[#6]-&@[#6]2-&@[#6](-&@[#6]-&@[#6]-&@[#6](=&@[#6]-&@2-&@[#6]-&@[#6]-&@1)-&!@[#6&!R])-&!@[#6&!R](-&!@[#6&!R])-&!@[#6&!R],alkene(2),C1=C[C@H]2CCCC=C2CC1 (x2)
