community,n_total,n_hiv,n_brnpdb,n_hiv_active,hiv_enrich,x_rate,top_enriched_fg,top_depleted_fg,brnpdb_compounds,mean_mw,mean_logp,mean_tpsa,mean_hbd,mean_hba,mean_rotbonds,mean_n_rings,mean_n_arom_rings,mean_n_heavy,std_mw,std_logp,std_tpsa,std_hbd,std_hba,std_rotbonds,std_n_rings,std_n_arom_rings,std_n_heavy,d_mw,d_logp,d_tpsa,d_hbd,d_hba,d_rotbonds,d_n_rings,d_n_arom_rings,d_n_heavy,fg_aromatic_benzene,fg_phenol,fg_catechol,fg_carboxylic_acid,fg_ester,fg_amide,fg_primary_amine,fg_secondary_amine,fg_tertiary_amine,fg_hydroxyl,fg_ether,fg_ketone,fg_aldehyde,fg_sulfate_ester,fg_sulfonate,fg_phosphate,fg_nitro,fg_nitrile,fg_thiol,fg_thioether,fg_halide_F,fg_halide_Cl,fg_halide_Br,fg_alkene,fg_alkyne,fg_pyridine,fg_furan,fg_thiophene,fg_pyrrole,fg_imidazole,fg_indole,fg_pyranose_sugar,fg_furanose_sugar,fg_lactone,fg_epoxide,enr_aromatic_benzene,enr_phenol,enr_catechol,enr_carboxylic_acid,enr_ester,enr_amide,enr_primary_amine,enr_secondary_amine,enr_tertiary_amine,enr_hydroxyl,enr_ether,enr_ketone,enr_aldehyde,enr_sulfate_ester,enr_sulfonate,enr_phosphate,enr_nitro,enr_nitrile,enr_thiol,enr_thioether,enr_halide_F,enr_halide_Cl,enr_halide_Br,enr_alkene,enr_alkyne,enr_pyridine,enr_furan,enr_thiophene,enr_pyrrole,enr_imidazole,enr_indole,enr_pyranose_sugar,enr_furanose_sugar,enr_lactone,enr_epoxide,chemical_family
11,1485,1484,1,678,0.4569,13.02,"thioether(1.3x,12%); halide_F(1.3x,7%)",,Amphotericin B [7807],380.788,3.27,81.42,1.399,4.933,4.82,3.166,2.093,26.193,175.361,2.731,56.101,1.789,2.855,4.868,1.852,1.603,12.355,11.053,0.289,-1.284,-0.138,0.007,0.143,0.098,0.085,0.706,0.7582,0.2384,0.0768,0.0653,0.1818,0.3232,0.0747,0.2916,0.2148,0.1098,0.4195,0.169,0.0074,0.0013,0.0242,0.0074,0.0,0.0747,0.0094,0.1199,0.0673,0.1731,0.0377,0.2269,0.0074,0.1131,0.0155,0.0215,0.0269,0.0411,0.0222,0.0094,0.0007,0.165,0.0067,1.028,1.012,1.12,0.88,0.897,1.066,0.773,1.006,0.999,0.837,0.978,1.013,1.036,0.354,1.077,1.456,0.0,1.063,0.859,1.324,1.309,1.039,1.021,0.908,0.924,1.046,0.844,0.988,0.925,0.776,0.954,1.158,0.391,0.931,1.065,Drug-like / diverse (low chemical differentiation)
17,668,661,7,53,0.0802,2.29,"alkyne(2.1x,2%)",,"Ergostane-2,3,6-triol, 25-me [9477] | 2-Propenoic acid, 3-[4-hydro [6662] | Stigmast-5-en-3-ol, (3β,24ξ) [7884] | Stigmast-5-en-3-ol, (3β)- [7333] | Stigmast-5-en-3-ol [7233]",372.475,3.076,82.349,1.531,4.993,4.654,3.063,1.976,25.566,179.448,2.685,59.961,1.904,3.2,4.467,1.813,1.51,12.539,2.74,0.095,-0.356,-0.006,0.066,-0.023,-0.004,-0.032,0.079,0.7305,0.265,0.0853,0.0749,0.2081,0.2919,0.1198,0.2874,0.229,0.1482,0.4491,0.1707,0.006,0.0045,0.021,0.0015,0.0,0.0823,0.012,0.1078,0.0509,0.1931,0.0449,0.2859,0.0165,0.1213,0.0195,0.024,0.018,0.0494,0.015,0.0075,0.0015,0.1841,0.0075,0.991,1.125,1.245,1.009,1.026,0.962,1.239,0.991,1.066,1.131,1.047,1.022,0.838,1.181,0.931,0.294,0.0,1.171,1.091,1.19,0.989,1.16,1.215,1.144,2.053,1.122,1.061,1.098,0.617,0.933,0.643,0.919,0.87,1.04,1.184,Enriched in alkyne (x2.1)
16,1166,1165,1,87,0.0747,2.13,"aldehyde(1.4x,1%); sulfonate(1.4x,3%)",,caffeic acid [3471],363.076,2.863,83.434,1.554,4.928,4.807,2.877,1.917,24.971,147.509,2.334,52.91,1.797,2.683,4.253,1.655,1.399,10.38,-6.659,-0.118,0.729,0.017,0.001,0.13,-0.191,-0.091,-0.516,0.7136,0.2127,0.0678,0.0815,0.2101,0.3113,0.0806,0.3105,0.1947,0.1269,0.4305,0.1587,0.0103,0.0017,0.0317,0.0077,0.0,0.0566,0.0086,0.0918,0.0412,0.1698,0.0292,0.2384,0.0094,0.1063,0.0172,0.0214,0.0197,0.0489,0.012,0.0086,0.0026,0.1878,0.0043,0.968,0.903,0.988,1.098,1.037,1.026,0.834,1.071,0.906,0.968,1.003,0.951,1.44,0.451,1.41,1.517,0.0,0.805,0.781,1.013,0.8,1.02,0.789,0.954,1.176,0.984,0.935,0.983,0.677,0.923,0.516,1.054,1.496,1.06,0.678,Drug-like / diverse (low chemical differentiation)
5,502,502,0,36,0.0717,2.04,"pyranose_sugar(1.7x,1%); hydroxyl(1.5x,19%); furan(1.4x,3%); sulfonate(1.3x,3%)",,,381.599,2.807,87.341,1.731,5.229,5.068,3.193,1.886,26.195,184.605,2.937,66.254,2.223,3.312,5.533,2.071,1.535,13.157,11.865,-0.174,4.636,0.194,0.302,0.391,0.126,-0.121,0.708,0.7151,0.2231,0.0697,0.0677,0.2112,0.2669,0.1235,0.251,0.2271,0.1912,0.4542,0.1534,0.008,0.01,0.0299,0.002,0.0,0.0538,0.01,0.0837,0.0438,0.1892,0.0359,0.2291,0.004,0.0916,0.0259,0.012,0.0239,0.0378,0.0199,0.0139,0.004,0.1932,0.004,0.97,0.947,1.017,0.913,1.042,0.88,1.277,0.866,1.057,1.459,1.058,0.919,1.115,2.618,1.328,0.392,0.0,0.765,0.907,0.924,0.852,1.136,0.97,0.917,0.497,0.848,1.412,0.548,0.821,0.715,0.856,1.713,2.316,1.091,0.63,Enriched in sulfate_ester (x2.6)
24,2137,2136,1,82,0.0384,1.09,"aldehyde(1.4x,1%); furan(1.3x,2%)",,"Cycloocta[1,2-b:5,6-b′]diind [9611]",366.358,2.94,82.851,1.581,4.878,4.584,3.068,2.007,25.284,171.394,2.721,58.069,1.916,2.85,4.411,1.974,1.589,12.172,-3.376,-0.041,0.146,0.044,-0.048,-0.093,0.001,-0.001,-0.203,0.73,0.2335,0.0697,0.0725,0.2106,0.3046,0.1011,0.2957,0.2087,0.138,0.431,0.1722,0.0103,0.0023,0.0178,0.0051,0.0,0.0679,0.0122,0.088,0.051,0.1657,0.0342,0.2574,0.0066,0.0992,0.0243,0.0239,0.0314,0.0627,0.0248,0.008,0.0028,0.1736,0.008,0.99,0.991,1.017,0.978,1.039,1.004,1.045,1.02,0.971,1.053,1.004,1.032,1.44,0.615,0.79,1.012,0.0,0.965,1.109,0.971,0.991,0.995,0.925,1.03,0.817,0.918,1.327,1.094,1.077,1.184,1.065,0.977,1.632,0.98,1.258,Drug-like / diverse (low chemical differentiation)
9,1241,1239,2,37,0.0299,0.85,"halide_F(1.3x,7%)",,Quercetin [122] | 3-O-methylquercetin [1223],366.135,2.994,81.118,1.444,4.829,4.578,3.07,2.014,25.259,169.894,2.445,58.518,1.82,3.115,4.806,1.788,1.556,12.082,-3.6,0.013,-1.587,-0.093,-0.098,-0.099,0.003,0.006,-0.228,0.7276,0.2143,0.0596,0.0653,0.2047,0.3207,0.087,0.2877,0.2216,0.1185,0.4166,0.1636,0.0064,0.0056,0.0234,0.0056,0.0,0.0661,0.0105,0.0733,0.0677,0.1579,0.0475,0.2361,0.004,0.1039,0.0201,0.0234,0.0346,0.05,0.0298,0.0089,0.0008,0.1813,0.004,0.987,0.91,0.87,0.88,1.01,1.057,0.9,0.992,1.031,0.904,0.971,0.98,0.902,1.483,1.038,1.109,0.0,0.94,0.954,0.81,1.315,0.948,1.287,0.945,0.502,0.962,1.098,1.072,1.19,0.944,1.281,1.089,0.468,1.024,0.637,Drug-like / diverse (low chemical differentiation)
2,1982,1947,35,55,0.0282,0.81,"pyranose_sugar(1.4x,1%); thiophene(1.3x,3%)",,"Urs-12-en-28-oic acid, 3-hyd [6310] | myristic acid [2144] | Urs-12-en-28-oic acid, 3-hyd [5488] | 9,12-Octadecadienoic acid, ( [5797] | L-Cysteine, L-tyrosylglycyl- [8749]",372.362,3.019,82.372,1.556,4.988,4.671,3.097,1.988,25.674,173.364,2.569,63.631,2.107,3.257,5.265,1.781,1.433,12.257,2.627,0.038,-0.333,0.018,0.062,-0.006,0.03,-0.019,0.187,0.7094,0.2356,0.0706,0.0732,0.2149,0.2952,0.0868,0.2841,0.2084,0.1362,0.4273,0.1589,0.0055,0.002,0.0192,0.0066,0.0,0.0721,0.0141,0.0812,0.0479,0.171,0.0343,0.2669,0.0076,0.1135,0.0172,0.0293,0.0283,0.0651,0.0156,0.0111,0.0025,0.1862,0.0096,0.962,1.0,1.031,0.986,1.06,0.973,0.897,0.98,0.97,1.039,0.996,0.952,0.777,0.531,0.852,1.289,0.0,1.027,1.287,0.897,0.931,1.027,0.929,1.068,0.944,1.05,0.935,1.342,0.97,1.229,0.672,1.364,1.467,1.051,1.516,Drug-like / diverse (low chemical differentiation)
6,1481,1460,21,31,0.0212,0.61,"pyranose_sugar(1.3x,1%)",,"1H-Cycloprop[e]azulen-4-ol,  [7198] | 1H-Cycloprop[e]azulen-7-ol,  [5244] | 1H-Cyclopenta[1,3]cyclopropa [6397] | Card-20(22)-enolide, 3-[(2,6 [9290] | 1H-Cycloprop[e]azulen-4-ol,  [5806]",379.215,3.034,85.45,1.629,5.016,4.694,3.267,2.094,26.147,231.405,2.742,88.056,2.455,4.374,6.271,2.185,1.635,15.342,9.48,0.053,2.745,0.092,0.09,0.017,0.199,0.086,0.66,0.7434,0.2512,0.0668,0.0749,0.1783,0.3025,0.0972,0.2897,0.2316,0.1249,0.4186,0.1702,0.0068,0.0061,0.0223,0.0054,0.0,0.081,0.0135,0.0885,0.052,0.1668,0.0371,0.239,0.0101,0.1195,0.0182,0.0196,0.0351,0.0466,0.0277,0.0108,0.0007,0.154,0.0034,1.008,1.066,0.975,1.01,0.879,0.997,1.006,0.999,1.078,0.953,0.976,1.019,0.945,1.598,0.99,1.062,0.0,1.153,1.23,0.977,1.01,1.002,1.005,0.956,1.263,1.106,0.994,0.898,1.206,0.88,1.189,1.327,0.393,0.869,0.534,Drug-like / diverse (low chemical differentiation)
7,1776,1775,1,38,0.0214,0.61,"imidazole(1.3x,7%)",,Kaempferide [3892],366.428,2.863,82.614,1.524,4.938,4.762,3.033,1.959,25.18,158.347,2.385,59.799,2.082,2.904,5.124,1.657,1.402,11.207,-3.307,-0.118,-0.091,-0.013,0.011,0.086,-0.035,-0.048,-0.307,0.737,0.2314,0.0755,0.058,0.2066,0.2934,0.1014,0.2911,0.2089,0.1318,0.4403,0.1695,0.0096,0.0039,0.0242,0.0096,0.0,0.0693,0.0107,0.094,0.045,0.1639,0.0422,0.2539,0.0101,0.094,0.0169,0.0186,0.0298,0.0709,0.027,0.0068,0.0011,0.1881,0.0045,1.0,0.982,1.101,0.782,1.019,0.967,1.048,1.004,0.972,1.005,1.026,1.015,1.339,1.036,1.076,1.881,0.0,0.985,0.975,1.038,0.875,0.984,1.143,1.016,1.264,0.87,0.921,0.852,1.025,1.34,1.161,0.83,0.655,1.062,0.712,Drug-like / diverse (low chemical differentiation)
3,1158,1145,13,24,0.021,0.6,"pyranose_sugar(1.5x,1%)",,"4H-1-Benzopyran-4-one, 2-(3, [10222] | 4-nerolidylcathecol [3887] | 1-Naphthalenepropanoic acid, [6665] | Myrcene [1747] | 1-Naphthalenepropanoic acid, [6009]",372.984,2.988,82.547,1.543,4.893,4.69,3.123,2.072,25.841,175.653,2.812,62.141,2.103,3.099,5.164,1.751,1.528,12.321,3.249,0.007,-0.158,0.006,-0.034,0.013,0.056,0.064,0.354,0.7461,0.2392,0.0682,0.0622,0.1934,0.3325,0.0872,0.2988,0.2306,0.1295,0.4059,0.1813,0.006,0.0035,0.0173,0.0035,0.0,0.0751,0.006,0.0889,0.0501,0.1805,0.032,0.2401,0.0086,0.1157,0.0233,0.0147,0.0328,0.0484,0.0285,0.0121,0.0017,0.1684,0.0095,1.012,1.015,0.995,0.838,0.954,1.096,0.902,1.031,1.073,0.988,0.946,1.087,0.846,0.908,0.767,0.679,0.0,1.069,0.551,0.982,0.973,1.084,0.865,0.961,1.077,1.07,1.271,0.673,1.127,0.913,1.224,1.485,1.004,0.951,1.502,Drug-like / diverse (low chemical differentiation)
4,2289,2281,8,43,0.0189,0.54,,,"β-D-Glucopyranoside, 2-(3,4- [7267] | 4H-1-Benzopyran-4-one, 3-(β- [5243] | 4H-1-Benzopyran-4-one, 3-[(6 [7187] | β-D-Glucopyranoside, 4-[[[(2 [9109] | 4H-1-Benzopyran-4-one, 2-(3, [7515]",371.395,2.973,83.11,1.518,4.954,4.825,3.074,2.032,25.589,182.67,2.748,73.336,2.131,3.652,5.234,1.796,1.448,12.398,1.66,-0.008,0.405,-0.019,0.028,0.148,0.007,0.024,0.102,0.7457,0.2398,0.0668,0.0821,0.2018,0.3019,0.0826,0.2945,0.2289,0.1354,0.4351,0.1651,0.007,0.0052,0.0205,0.0066,0.0,0.0734,0.0109,0.0869,0.0472,0.1669,0.0398,0.2626,0.0096,0.1083,0.0166,0.0192,0.031,0.0577,0.0271,0.007,0.0013,0.1752,0.0052,1.011,1.018,0.975,1.107,0.996,0.995,0.854,1.016,1.065,1.033,1.014,0.989,0.978,1.378,0.912,1.288,0.0,1.044,0.995,0.96,0.917,1.002,1.076,1.051,1.198,1.002,0.905,0.882,1.065,1.089,1.163,0.859,0.762,0.989,0.829,Drug-like / diverse (low chemical differentiation)
13,1325,1316,9,25,0.019,0.54,"aldehyde(1.8x,1%); pyranose_sugar(1.4x,1%)",,D-Ribose [9464] | Arabinose [6231] | L-Arabinose [8910] | D-Arabinose [8304] | D-Xylose [9971],366.492,2.9,82.916,1.555,4.923,4.568,3.063,2.018,25.346,170.056,2.449,62.463,2.122,3.117,4.683,1.78,1.485,11.766,-3.243,-0.081,0.211,0.018,-0.004,-0.109,-0.004,0.01,-0.14,0.7479,0.2325,0.0521,0.0815,0.206,0.2996,0.1117,0.2875,0.2294,0.1434,0.4279,0.1917,0.0128,0.003,0.0166,0.0023,0.0,0.0687,0.0121,0.0792,0.0483,0.166,0.0423,0.2415,0.0083,0.1185,0.0204,0.0158,0.0355,0.0498,0.0257,0.0113,0.0008,0.1774,0.006,1.014,0.987,0.76,1.099,1.016,0.988,1.155,0.992,1.067,1.094,0.997,1.149,1.795,0.794,0.738,0.445,0.0,0.977,1.1,0.875,0.939,0.997,1.144,0.966,1.035,1.096,1.111,0.727,1.218,0.941,1.102,1.391,0.439,1.001,0.955,Drug-like / diverse (low chemical differentiation)
19,866,866,0,16,0.0185,0.53,"aldehyde(1.6x,1%)",,,369.096,2.988,83.402,1.548,4.871,4.845,3.022,2.058,25.424,164.599,2.61,65.932,2.081,3.031,5.16,1.735,1.468,11.521,-0.639,0.007,0.697,0.011,-0.056,0.168,-0.045,0.05,-0.063,0.724,0.2206,0.0704,0.0831,0.1894,0.2887,0.1155,0.2887,0.2171,0.1028,0.4134,0.1663,0.0115,0.0035,0.0219,0.0081,0.0,0.0624,0.0092,0.1109,0.0543,0.1778,0.0289,0.224,0.0069,0.1097,0.0173,0.0242,0.0346,0.0554,0.0254,0.0046,0.0012,0.1721,0.0092,0.982,0.936,1.028,1.121,0.934,0.952,1.194,0.996,1.01,0.784,0.963,0.996,1.616,0.911,0.975,1.589,0.0,0.887,0.842,1.224,1.055,1.068,0.781,0.896,0.864,1.015,0.944,1.112,1.19,1.047,1.091,0.567,0.671,0.971,1.461,Drug-like / diverse (low chemical differentiation)
12,297,290,7,5,0.0172,0.49,"pyrrole(2.1x,6%); indole(1.9x,4%); epoxide(1.6x,1%); imidazole(1.3x,7%)",,"L-Galactose, 6-deoxy- [7287] | L-Mannose, 6-deoxy- [7374] | D-Glucose [8971] | D-Galactose [9018] | D-Mannose [8123]",374.608,2.993,83.038,1.498,4.862,5.024,3.03,1.966,25.811,222.124,2.618,94.329,3.272,3.934,7.022,1.695,1.421,15.268,4.873,0.012,0.333,-0.039,-0.065,0.347,-0.037,-0.041,0.325,0.7508,0.266,0.064,0.0842,0.2121,0.2727,0.0808,0.2492,0.1818,0.1246,0.4444,0.1582,0.0,0.0034,0.0236,0.0,0.0,0.0875,0.0101,0.0808,0.0505,0.1919,0.0404,0.3098,0.0067,0.0943,0.0067,0.0067,0.0606,0.0707,0.0438,0.0067,0.0,0.202,0.0101,1.018,1.129,0.933,1.135,1.046,0.899,0.836,0.859,0.846,0.95,1.036,0.948,0.0,0.885,1.047,0.0,0.0,1.246,0.92,0.892,0.981,1.153,1.094,1.239,0.84,0.872,0.367,0.309,2.081,1.336,1.88,0.827,0.0,1.14,1.597,Indole / pyrrole alkaloids
20,2207,2206,1,33,0.015,0.43,,,"4H-1-Benzopyran-4-one, 6-β-D [6523]",369.172,2.844,84.376,1.596,4.918,4.534,3.082,2.008,25.432,168.757,2.495,62.432,2.092,3.13,4.412,1.805,1.448,11.739,-0.562,-0.137,1.672,0.059,-0.009,-0.143,0.014,0.0,-0.055,0.7408,0.2338,0.0702,0.0865,0.1889,0.3135,0.1033,0.3077,0.2247,0.1436,0.4232,0.1495,0.0082,0.0045,0.024,0.0032,0.0,0.0748,0.01,0.0802,0.0485,0.1767,0.0385,0.2324,0.0082,0.101,0.0163,0.0208,0.0272,0.0571,0.024,0.005,0.0014,0.1663,0.0063,1.005,0.992,1.025,1.167,0.932,1.034,1.068,1.061,1.046,1.096,0.986,0.896,1.141,1.191,1.067,0.623,0.0,1.064,0.908,0.886,0.942,1.061,1.042,0.93,1.017,0.935,0.889,0.956,0.934,1.078,1.031,0.612,0.79,0.939,1.003,Drug-like / diverse (low chemical differentiation)
8,1813,1812,1,23,0.0127,0.36,,,ω-fenil alcanoic acid [949],366.027,2.932,82.26,1.563,4.97,4.721,3.008,1.939,25.192,158.041,2.502,57.32,1.834,2.97,4.928,1.671,1.5,11.273,-3.708,-0.049,-0.445,0.026,0.043,0.044,-0.059,-0.069,-0.295,0.717,0.2471,0.0789,0.0739,0.1953,0.3012,0.1015,0.3006,0.203,0.1384,0.4479,0.1655,0.0066,0.005,0.0243,0.0066,0.0,0.0618,0.0105,0.1004,0.037,0.1484,0.0414,0.246,0.0061,0.107,0.021,0.021,0.0232,0.0414,0.0177,0.005,0.0033,0.1704,0.005,0.972,1.049,1.151,0.996,0.963,0.993,1.05,1.037,0.944,1.056,1.044,0.991,0.926,1.305,1.078,1.301,0.0,0.879,0.955,1.108,0.718,0.891,1.12,0.984,0.757,0.99,1.143,0.961,0.795,0.781,0.758,0.61,1.924,0.962,0.785,Drug-like / diverse (low chemical differentiation)
15,2878,2876,2,35,0.0122,0.35,"alkyne(1.4x,1%); thiophene(1.3x,3%)",,(E)-3-(4-Hydroxyphenyl)acryl [3895] | Benzyl benzoate [1828],367.088,3.057,80.142,1.446,4.86,4.687,2.985,1.964,25.151,167.817,2.54,56.462,1.849,2.979,4.826,1.709,1.425,11.762,-2.647,0.076,-2.563,-0.091,-0.066,0.01,-0.082,-0.043,-0.336,0.7192,0.2272,0.0605,0.0712,0.206,0.2887,0.0956,0.2755,0.2012,0.123,0.4343,0.156,0.0042,0.0024,0.0261,0.0063,0.0,0.0671,0.0122,0.0931,0.0473,0.1703,0.0354,0.2589,0.0111,0.1161,0.0181,0.0292,0.0285,0.0573,0.0254,0.0087,0.0021,0.1814,0.0045,0.975,0.965,0.882,0.96,1.016,0.952,0.988,0.95,0.936,0.938,1.012,0.935,0.583,0.639,1.158,1.229,0.0,0.954,1.108,1.028,0.918,1.022,0.959,1.036,1.386,1.074,0.985,1.339,0.978,1.083,1.089,1.067,1.212,1.024,0.714,Drug-like / diverse (low chemical differentiation)
21,1740,1739,1,20,0.0115,0.33,"thiophene(1.3x,3%)",,"4H-1-Benzopyran-4-one, 2,3-d [5919]",374.164,2.985,84.817,1.559,5.039,4.722,3.132,2.055,25.839,191.518,2.587,68.832,2.246,3.235,5.553,2.029,1.484,13.269,4.429,0.004,2.112,0.022,0.112,0.045,0.064,0.047,0.352,0.7443,0.2374,0.0747,0.073,0.2103,0.3092,0.0902,0.2937,0.2207,0.1299,0.4282,0.1649,0.0063,0.004,0.0276,0.008,0.0,0.0667,0.008,0.0948,0.0523,0.1552,0.0322,0.2661,0.0057,0.0994,0.0172,0.0293,0.0299,0.0534,0.0224,0.0103,0.0017,0.1839,0.0086,1.009,1.007,1.09,0.984,1.038,1.019,0.933,1.013,1.027,0.991,0.998,0.988,0.885,1.058,1.226,1.581,0.0,0.949,0.733,1.047,1.016,0.932,0.871,1.065,0.717,0.92,0.94,1.344,1.026,1.01,0.963,1.271,1.002,1.038,1.363,Drug-like / diverse (low chemical differentiation)
0,1639,1639,0,18,0.011,0.31,,,,363.118,2.98,81.342,1.546,4.84,4.616,2.975,1.984,25.007,152.196,2.41,54.902,1.789,2.683,4.42,1.646,1.413,10.538,-6.617,-0.001,-1.363,0.009,-0.087,-0.061,-0.092,-0.024,-0.48,0.7334,0.2373,0.0696,0.0732,0.2129,0.3032,0.097,0.3142,0.2062,0.1287,0.4246,0.1635,0.0055,0.0024,0.022,0.0031,0.0,0.0757,0.0116,0.0818,0.0622,0.1586,0.0372,0.2453,0.0037,0.1208,0.0207,0.0189,0.025,0.0494,0.0207,0.0049,0.0024,0.1788,0.0049,0.995,1.007,1.015,0.987,1.05,1.0,1.003,1.084,0.959,0.982,0.99,0.98,0.768,0.642,0.976,0.6,0.0,1.076,1.056,0.903,1.209,0.953,1.007,0.981,0.456,1.117,1.131,0.867,0.859,0.934,0.891,0.6,1.419,1.009,0.772,Drug-like / diverse (low chemical differentiation)
26,1428,1428,0,15,0.0105,0.3,"thiol(1.6x,2%)",,,379.139,3.04,84.326,1.582,5.002,4.753,3.13,2.054,26.102,182.832,2.53,67.709,2.296,3.107,5.493,1.683,1.465,12.865,9.405,0.059,1.622,0.045,0.075,0.076,0.062,0.046,0.616,0.7647,0.2514,0.077,0.0693,0.1975,0.3123,0.0854,0.299,0.2164,0.1169,0.4244,0.1863,0.0056,0.0035,0.0175,0.0007,0.0,0.0609,0.0175,0.0826,0.0609,0.1681,0.0399,0.2731,0.0077,0.1064,0.0189,0.0217,0.0287,0.0511,0.0238,0.0105,0.0014,0.1688,0.0021,1.037,1.067,1.124,0.934,0.974,1.03,0.884,1.031,1.007,0.892,0.989,1.116,0.784,0.92,0.778,0.138,0.0,0.867,1.595,0.912,1.184,1.009,1.08,1.093,0.961,0.985,1.031,0.996,0.986,0.966,1.023,1.29,0.814,0.953,0.332,Drug-like / diverse (low chemical differentiation)
18,1268,1268,0,13,0.0103,0.29,"indole(1.4x,3%)",,,376.639,3.021,85.599,1.67,5.018,4.73,3.093,2.087,25.917,176.403,2.613,71.415,2.483,3.373,5.063,1.716,1.514,12.236,6.904,0.04,2.895,0.132,0.092,0.053,0.026,0.079,0.43,0.7737,0.2303,0.0576,0.0789,0.2027,0.3107,0.0986,0.3021,0.2169,0.127,0.4014,0.1719,0.0063,0.0055,0.0252,0.0032,0.0,0.071,0.0134,0.1033,0.0591,0.1696,0.0426,0.25,0.0063,0.1049,0.0189,0.0181,0.0379,0.0591,0.0323,0.0055,0.0024,0.1672,0.0047,1.049,0.977,0.84,1.063,1.0,1.024,1.019,1.042,1.009,0.969,0.936,1.03,0.883,1.451,1.121,0.62,0.0,1.01,1.222,1.141,1.149,1.018,1.153,1.0,0.787,0.97,1.032,0.832,1.3,1.117,1.389,0.678,1.375,0.944,0.748,Drug-like / diverse (low chemical differentiation)
1,1300,1291,9,12,0.0093,0.26,"aldehyde(1.7x,1%); thiophene(1.6x,3%); pyranose_sugar(1.4x,1%)",,"α-Terpinolene [1752] | 1,5-Cyclodecadiene, 1,5-dime [9705] | 1,5-Cyclodecadiene, 1,5-dime [6561] | Bicyclo[8.1.0]undeca-2,6-die [10226] | 1,5-Cyclodecadiene, 1,5-dime [5788]",371.196,3.052,81.978,1.539,4.915,4.532,3.144,2.018,25.722,159.903,2.545,55.019,1.879,2.775,4.168,1.796,1.42,11.278,1.461,0.071,-0.727,0.002,-0.012,-0.145,0.077,0.01,0.235,0.7508,0.2508,0.0646,0.0746,0.2231,0.3092,0.1069,0.2823,0.2208,0.15,0.4415,0.1977,0.0123,0.0031,0.0208,0.0031,0.0,0.0554,0.0062,0.0908,0.0569,0.1615,0.0362,0.2685,0.0092,0.0885,0.0192,0.0346,0.0223,0.0462,0.0154,0.0115,0.0015,0.2023,0.0077,1.018,1.064,0.943,1.006,1.1,1.02,1.106,0.974,1.027,1.144,1.029,1.184,1.722,0.809,0.923,0.605,0.0,0.788,0.561,1.002,1.106,0.97,0.979,1.074,1.151,0.818,1.049,1.587,0.766,0.872,0.661,1.417,0.894,1.142,1.216,Drug-like / diverse (low chemical differentiation)
22,2229,2227,2,20,0.009,0.26,,,"4H-1-Benzopyran-4-one, 5,6,7 [5613] | Ferulic acid [3470]",369.179,2.913,83.277,1.508,4.956,4.609,3.077,1.988,25.516,170.144,2.536,62.46,2.044,3.062,4.806,1.69,1.44,11.809,-0.556,-0.068,0.572,-0.029,0.029,-0.068,0.009,-0.02,0.029,0.7389,0.227,0.0691,0.0718,0.2243,0.3096,0.1081,0.2844,0.2055,0.1346,0.4491,0.1525,0.0054,0.0027,0.0175,0.0036,0.0,0.0682,0.0117,0.0843,0.0561,0.1561,0.0305,0.2301,0.0063,0.1171,0.0126,0.0166,0.035,0.0471,0.0274,0.0067,0.0036,0.1947,0.0094,1.002,0.964,1.008,0.968,1.107,1.021,1.118,0.981,0.956,1.027,1.047,0.914,0.753,0.708,0.777,0.705,0.0,0.97,1.063,0.931,1.09,0.938,0.826,0.921,0.783,1.083,0.685,0.761,1.202,0.89,1.175,0.827,2.086,1.099,1.49,Enriched in furanose_sugar (x2.1)
14,2609,2609,0,21,0.008,0.23,,,,369.684,3.002,81.787,1.458,4.939,4.67,3.077,2.043,25.48,180.897,2.511,63.149,2.095,3.123,5.204,1.76,1.456,12.738,-0.05,0.021,-0.918,-0.079,0.012,-0.007,0.01,0.035,-0.007,0.7409,0.2392,0.0686,0.0778,0.2024,0.2913,0.0951,0.2572,0.2288,0.1257,0.4358,0.1694,0.0065,0.0042,0.0234,0.0057,0.0,0.0759,0.0084,0.0993,0.0475,0.1713,0.0414,0.2495,0.0065,0.1062,0.0222,0.0264,0.0276,0.0563,0.0195,0.0057,0.0011,0.1794,0.0077,1.005,1.015,1.001,1.049,0.998,0.96,0.983,0.887,1.065,0.959,1.016,1.015,0.912,1.108,1.039,1.13,0.0,1.08,0.768,1.096,0.924,1.029,1.12,0.998,0.813,0.982,1.212,1.213,0.948,1.064,0.84,0.706,0.668,1.013,1.212,Drug-like / diverse (low chemical differentiation)
10,1033,1033,0,8,0.0077,0.22,"pyranose_sugar(1.8x,1%); alkyne(1.6x,1%); sulfonate(1.4x,3%)",,,363.181,2.91,82.565,1.611,4.846,4.625,3.005,1.949,25.216,170.085,2.415,61.24,2.06,2.923,4.842,1.686,1.457,11.961,-6.554,-0.07,-0.14,0.074,-0.081,-0.051,-0.062,-0.059,-0.271,0.7493,0.2449,0.0852,0.0755,0.2149,0.2885,0.1036,0.2836,0.1955,0.1413,0.4453,0.1607,0.0077,0.0068,0.031,0.0029,0.0,0.0842,0.0106,0.0803,0.0416,0.1588,0.0261,0.2488,0.0126,0.0997,0.0203,0.0145,0.0223,0.0513,0.0203,0.0145,0.0,0.181,0.0068,1.016,1.04,1.243,1.018,1.06,0.951,1.071,0.978,0.91,1.078,1.038,0.963,1.084,1.781,1.376,0.571,0.0,1.198,0.97,0.887,0.809,0.953,0.707,0.995,1.569,0.922,1.108,0.666,0.765,0.969,0.873,1.784,0.0,1.022,1.072,Drug-like / diverse (low chemical differentiation)
25,1870,1845,25,13,0.007,0.2,"alkyne(1.3x,1%)",,"Bicyclo[7.2.0]undec-4-ene, 4 [10017] | Bicyclo[7.2.0]undec-4-ene, 4 [5308] | Bicyclo[7.2.0]undec-4-ene, 4 [5456] | 1,6-Cyclodecadiene, 1-methyl [7698] | farnesol [3151]",365.022,3.003,82.522,1.552,4.816,4.626,3.006,1.989,25.233,164.69,2.491,61.916,2.059,3.028,4.83,1.679,1.396,11.415,-4.713,0.022,-0.183,0.015,-0.111,-0.051,-0.061,-0.018,-0.254,0.7428,0.2166,0.0556,0.0791,0.1807,0.3235,0.1075,0.3086,0.215,0.1198,0.3968,0.161,0.0053,0.0043,0.0273,0.0048,0.0,0.0807,0.0123,0.0973,0.0551,0.1642,0.0358,0.254,0.0107,0.1112,0.015,0.0203,0.0235,0.0428,0.0198,0.008,0.0011,0.1594,0.0053,1.007,0.919,0.811,1.067,0.892,1.067,1.112,1.064,1.0,0.914,0.925,0.964,0.748,1.125,1.212,0.946,0.0,1.149,1.121,1.075,1.07,0.986,0.97,1.016,1.334,1.029,0.816,0.932,0.808,0.808,0.85,0.985,0.622,0.9,0.846,Drug-like / diverse (low chemical differentiation)
23,887,887,0,2,0.0023,0.06,,,,357.683,3.022,77.374,1.471,4.766,4.346,3.018,1.954,24.735,154.258,2.348,49.324,1.733,2.758,4.296,1.638,1.44,10.858,-12.052,0.041,-5.33,-0.066,-0.161,-0.331,-0.049,-0.054,-0.752,0.7249,0.2582,0.0665,0.0722,0.1849,0.2717,0.0857,0.2638,0.2007,0.1319,0.4295,0.1871,0.0056,0.0045,0.009,0.0034,0.0,0.0631,0.0113,0.0778,0.0552,0.1522,0.0327,0.2379,0.0068,0.1127,0.0113,0.009,0.0316,0.044,0.0271,0.0034,0.0,0.1646,0.0079,0.983,1.096,0.97,0.973,0.912,0.896,0.886,0.91,0.934,1.006,1.001,1.121,0.789,1.186,0.401,0.665,0.0,0.898,1.027,0.859,1.073,0.914,0.885,0.952,0.843,1.043,0.615,0.414,1.084,0.831,1.162,0.415,0.0,0.929,1.248,Drug-like / diverse (low chemical differentiation)
