label,community_id,size,n_active,n_inactive,hiv_rate,intra_edges
0,19,20,0,20,0.0,97
1,20,5,0,5,0.0,10
2,31,7,4,3,0.5714,21
3,39,8,0,8,0.0,15
4,120,22,0,22,0.0,97
5,131,12,0,12,0.0,45
6,148,4,0,4,0.0,6
7,155,8,0,8,0.0,25
8,160,3,0,3,0.0,3
9,162,11,0,11,0.0,33
10,184,14,0,14,0.0,50
11,189,5,0,5,0.0,9
12,196,9,1,8,0.1111,26
13,223,29,2,27,0.069,117
14,225,4,0,4,0.0,6
15,229,9,0,9,0.0,26
16,240,16,2,14,0.125,72
17,270,10,1,9,0.1,36
18,280,5,0,5,0.0,10
19,318,6,0,6,0.0,15
20,366,17,0,17,0.0,72
21,380,24,0,24,0.0,91
22,454,15,0,15,0.0,53
23,491,16,0,16,0.0,62
24,507,35,3,32,0.0857,161
25,508,19,1,18,0.0526,76
26,520,16,0,16,0.0,56
27,521,12,2,10,0.1667,34
28,523,9,0,9,0.0,21
29,536,6,0,6,0.0,15
30,538,31,2,29,0.0645,137
31,554,24,4,20,0.1667,112
32,558,23,0,23,0.0,108
33,567,16,0,16,0.0,56
34,571,10,3,7,0.3,37
35,608,9,0,9,0.0,20
36,666,7,1,6,0.1429,16
37,683,7,1,6,0.1429,17
38,767,11,0,11,0.0,35
39,780,12,0,12,0.0,35
40,782,12,1,11,0.0833,36
41,784,9,5,4,0.5556,29
42,793,16,0,16,0.0,47
43,810,27,0,27,0.0,119
44,844,7,0,7,0.0,18
45,863,21,0,21,0.0,83
46,875,7,0,7,0.0,17
47,888,15,1,14,0.0667,60
48,903,7,0,7,0.0,19
49,950,11,0,11,0.0,31
50,967,8,0,8,0.0,27
51,1000,23,0,23,0.0,70
52,1011,11,0,11,0.0,36
53,1075,9,0,9,0.0,22
54,1092,9,0,9,0.0,27
55,1103,8,0,8,0.0,24
56,1131,16,0,16,0.0,62
57,1144,11,0,11,0.0,26
58,1163,12,0,12,0.0,33
59,1212,22,1,21,0.0455,95
60,1213,6,1,5,0.1667,14
61,1245,12,0,12,0.0,43
62,1246,13,0,13,0.0,36
63,1262,34,2,32,0.0588,166
64,1263,6,0,6,0.0,15
65,1341,3,0,3,0.0,3
66,1344,31,0,31,0.0,139
67,1358,17,0,17,0.0,59
68,1370,24,0,24,0.0,118
69,1379,22,1,21,0.0455,80
70,1417,14,0,14,0.0,42
71,1420,38,0,38,0.0,153
72,1450,8,0,8,0.0,23
73,1474,8,0,8,0.0,17
74,1495,17,0,17,0.0,63
75,1503,23,0,23,0.0,78
76,1523,25,0,25,0.0,94
77,1536,5,0,5,0.0,9
78,1542,39,0,39,0.0,168
79,1553,13,0,13,0.0,41
80,1566,7,1,6,0.1429,16
81,1576,6,0,6,0.0,14
82,1602,5,0,5,0.0,8
83,1640,18,0,18,0.0,67
84,1676,18,0,18,0.0,67
85,1705,8,1,7,0.125,23
86,1724,97,2,95,0.0206,492
87,1754,6,0,6,0.0,12
88,1773,12,1,11,0.0833,60
89,1786,33,10,23,0.303,168
90,1810,12,0,12,0.0,41
91,1880,16,0,16,0.0,55
92,1890,16,0,16,0.0,53
93,1892,15,0,15,0.0,56
94,1940,8,0,8,0.0,17
95,1952,22,0,22,0.0,96
96,1976,4,0,4,0.0,4
97,1980,20,0,20,0.0,87
98,1982,8,1,7,0.125,22
99,2020,7,0,7,0.0,19
100,2038,8,0,8,0.0,21
101,2041,7,0,7,0.0,10
102,2082,6,0,6,0.0,10
103,2089,22,0,22,0.0,88
104,2101,10,0,10,0.0,29
105,2110,30,0,30,0.0,112
106,2114,6,0,6,0.0,12
107,2115,16,0,16,0.0,54
108,2141,5,0,5,0.0,9
109,2149,30,2,28,0.0667,114
110,2185,22,1,21,0.0455,99
111,2186,34,2,32,0.0588,157
112,2187,24,0,24,0.0,100
113,2191,20,8,12,0.4,79
114,2205,7,0,7,0.0,16
115,2226,11,7,4,0.6364,45
116,2228,9,0,9,0.0,27
117,2270,18,1,17,0.0556,70
118,2272,12,0,12,0.0,42
119,2278,9,0,9,0.0,27
120,2289,13,0,13,0.0,39
121,2293,15,0,15,0.0,55
122,2321,13,0,13,0.0,48
123,2339,6,0,6,0.0,13
124,2348,20,0,20,0.0,55
125,2414,26,1,25,0.0385,108
126,2460,7,0,7,0.0,19
127,2464,6,1,5,0.1667,15
128,2483,17,0,17,0.0,76
129,2504,14,0,14,0.0,47
130,2517,6,0,6,0.0,13
131,2535,13,1,12,0.0769,64
132,2544,22,7,15,0.3182,115
133,2545,13,1,12,0.0769,57
134,2557,17,3,14,0.1765,58
135,2562,9,0,9,0.0,22
136,2595,16,0,16,0.0,57
137,2620,31,1,30,0.0323,109
138,2637,10,0,10,0.0,35
139,2648,22,0,22,0.0,73
140,2683,8,0,8,0.0,20
141,2699,4,0,4,0.0,4
142,2724,10,0,10,0.0,23
143,2757,13,0,13,0.0,34
144,2805,27,2,25,0.0741,106
145,2813,2,0,2,0.0,3
146,2840,17,0,17,0.0,58
147,2858,9,0,9,0.0,26
148,2860,28,0,28,0.0,116
149,2876,19,1,18,0.0526,89
150,2913,14,0,14,0.0,53
151,2915,5,0,5,0.0,10
152,2926,17,1,16,0.0588,72
153,2934,27,0,27,0.0,114
154,2951,7,0,7,0.0,16
155,3007,33,2,31,0.0606,161
156,3016,20,0,20,0.0,71
157,3039,5,0,5,0.0,9
158,3049,3,0,3,0.0,3
159,3059,37,0,37,0.0,157
160,3071,11,0,11,0.0,38
161,3079,55,2,53,0.0364,259
162,3083,5,5,0,1.0,9
163,3118,9,0,9,0.0,24
164,3126,36,0,36,0.0,162
165,3137,11,0,11,0.0,33
166,3141,9,0,9,0.0,19
167,3155,11,0,11,0.0,32
168,3180,30,0,30,0.0,149
169,3214,5,0,5,0.0,12
170,3219,7,0,7,0.0,23
171,3226,45,0,45,0.0,227
172,3254,10,0,10,0.0,19
173,3257,6,0,6,0.0,15
174,3277,22,0,22,0.0,96
175,3279,19,0,19,0.0,79
176,3352,47,0,47,0.0,199
177,3356,18,0,18,0.0,81
178,3434,10,1,9,0.1,29
179,3487,6,0,6,0.0,13
180,3502,15,0,15,0.0,62
181,3541,26,0,26,0.0,91
182,3542,5,0,5,0.0,9
183,3554,13,0,13,0.0,31
184,3559,27,0,27,0.0,100
185,3560,40,1,39,0.025,173
186,3574,12,0,12,0.0,39
187,3576,8,0,8,0.0,21
188,3580,14,5,9,0.3571,59
189,3595,29,0,29,0.0,128
190,3609,24,0,24,0.0,93
191,3612,17,0,17,0.0,52
192,3625,32,2,30,0.0625,155
193,3626,38,0,38,0.0,152
194,3646,15,0,15,0.0,47
195,3659,6,0,6,0.0,13
196,3676,14,0,14,0.0,47
197,3706,9,0,9,0.0,25
198,3714,9,0,9,0.0,24
199,3723,9,0,9,0.0,24
200,3725,13,0,13,0.0,54
201,3729,20,2,18,0.1,84
202,3748,17,0,17,0.0,77
203,3755,17,0,17,0.0,65
204,3758,8,0,8,0.0,23
205,3771,10,1,9,0.1,32
206,3775,16,0,16,0.0,53
207,3777,17,0,17,0.0,56
208,3786,5,0,5,0.0,9
209,3820,15,0,15,0.0,45
210,3826,31,1,30,0.0323,132
211,3828,33,0,33,0.0,132
212,3831,34,0,34,0.0,140
213,3848,11,1,10,0.0909,32
214,3849,10,1,9,0.1,25
215,3850,15,3,12,0.2,52
216,3853,4,0,4,0.0,6
217,3855,10,0,10,0.0,28
218,3877,10,1,9,0.1,22
219,3878,18,0,18,0.0,72
220,3887,14,0,14,0.0,47
221,3902,10,0,10,0.0,27
222,3937,8,0,8,0.0,19
223,3959,12,0,12,0.0,37
224,4022,14,5,9,0.3571,52
225,4055,9,0,9,0.0,31
226,4061,33,0,33,0.0,133
227,4075,49,0,49,0.0,192
228,4098,46,2,44,0.0435,181
229,4110,40,2,38,0.05,138
230,4111,19,0,19,0.0,55
231,4141,20,2,18,0.1,88
232,4170,24,1,23,0.0417,93
233,4231,25,0,25,0.0,92
234,4233,14,0,14,0.0,51
235,4272,11,0,11,0.0,29
236,4299,11,0,11,0.0,40
237,4304,8,0,8,0.0,17
238,4346,9,0,9,0.0,33
239,4365,5,0,5,0.0,10
240,4368,17,0,17,0.0,79
241,4406,9,0,9,0.0,22
242,4441,49,1,48,0.0204,226
243,4444,4,0,4,0.0,6
244,4447,22,2,20,0.0909,82
245,4454,29,1,28,0.0345,100
246,4488,9,0,9,0.0,25
247,4520,34,0,34,0.0,151
248,4546,36,0,36,0.0,170
249,4561,17,1,16,0.0588,61
250,4564,4,0,4,0.0,5
251,4595,22,0,22,0.0,85
252,4604,9,0,9,0.0,24
253,4616,31,0,31,0.0,124
254,4620,13,0,13,0.0,44
255,4622,8,0,8,0.0,22
256,4630,6,0,6,0.0,12
257,4631,5,0,5,0.0,9
258,4642,4,0,4,0.0,6
259,4651,49,2,47,0.0408,206
260,4655,6,0,6,0.0,13
261,4680,33,2,31,0.0606,149
262,4682,11,0,11,0.0,31
263,4693,10,0,10,0.0,31
264,4707,9,0,9,0.0,24
265,4711,4,1,3,0.25,6
266,4735,14,1,13,0.0714,42
267,4750,30,0,30,0.0,120
268,4758,10,0,10,0.0,32
269,4783,11,0,11,0.0,34
270,4870,12,0,12,0.0,35
271,4873,31,0,31,0.0,126
272,4890,21,0,21,0.0,73
273,4898,7,0,7,0.0,18
274,4903,4,0,4,0.0,6
275,4904,5,0,5,0.0,9
276,4961,6,0,6,0.0,14
277,4981,16,0,16,0.0,68
278,5019,5,0,5,0.0,10
279,5043,17,0,17,0.0,77
280,5070,8,0,8,0.0,21
281,5094,36,0,36,0.0,150
282,5108,66,1,65,0.0152,352
283,5122,6,0,6,0.0,11
284,5127,13,0,13,0.0,39
285,5129,18,0,18,0.0,62
286,5130,11,0,11,0.0,32
287,5137,8,0,8,0.0,21
288,5142,7,0,7,0.0,18
289,5158,4,0,4,0.0,6
290,5209,9,0,9,0.0,27
291,5218,20,0,20,0.0,79
292,5232,8,0,8,0.0,15
293,5259,14,2,12,0.1429,40
294,5282,18,0,18,0.0,76
295,5292,26,0,26,0.0,132
296,5316,4,0,4,0.0,6
297,5344,6,0,6,0.0,11
298,5349,9,0,9,0.0,17
299,5367,23,0,23,0.0,137
300,5370,20,0,20,0.0,99
301,5396,4,0,4,0.0,6
302,5401,3,0,3,0.0,3
303,5411,6,0,6,0.0,13
304,5431,11,0,11,0.0,26
305,5446,5,0,5,0.0,9
306,5453,19,0,19,0.0,77
307,5463,8,0,8,0.0,22
308,5475,12,11,1,0.9167,49
309,5481,24,0,24,0.0,95
310,5482,5,0,5,0.0,10
311,5484,10,0,10,0.0,18
312,5491,10,0,10,0.0,40
313,5493,12,0,12,0.0,34
314,5509,6,0,6,0.0,15
315,5555,8,0,8,0.0,22
316,5558,11,0,11,0.0,37
317,5585,23,0,23,0.0,86
318,5591,24,0,24,0.0,87
319,5593,5,0,5,0.0,10
320,5611,34,0,34,0.0,136
321,5638,23,0,23,0.0,90
322,5662,13,0,13,0.0,34
323,5667,35,0,35,0.0,130
324,5677,11,0,11,0.0,34
325,5709,13,0,13,0.0,49
326,5710,21,1,20,0.0476,84
327,5714,26,0,26,0.0,117
328,5720,54,1,53,0.0185,216
329,5731,51,0,51,0.0,205
330,5754,7,0,7,0.0,13
331,5758,13,0,13,0.0,47
332,5778,19,0,19,0.0,71
333,5785,28,0,28,0.0,127
334,5789,8,0,8,0.0,19
335,5796,16,0,16,0.0,50
336,5806,8,0,8,0.0,22
337,5822,9,0,9,0.0,21
338,5836,31,10,21,0.3226,179
339,5838,5,0,5,0.0,10
340,5862,4,0,4,0.0,6
341,5878,5,0,5,0.0,7
342,5896,12,11,1,0.9167,51
343,5908,27,0,27,0.0,99
344,5939,4,0,4,0.0,6
345,5959,24,0,24,0.0,114
346,5961,26,1,25,0.0385,120
347,5964,15,0,15,0.0,54
348,5975,35,0,35,0.0,141
349,5987,7,0,7,0.0,17
350,6002,21,0,21,0.0,75
351,6004,10,0,10,0.0,24
352,6033,33,1,32,0.0303,138
353,6041,7,0,7,0.0,21
354,6056,11,2,9,0.1818,41
355,6074,15,3,12,0.2,64
356,6082,29,5,24,0.1724,133
357,6108,17,1,16,0.0588,62
358,6114,14,0,14,0.0,50
359,6120,21,0,21,0.0,110
360,6132,18,1,17,0.0556,84
361,6152,22,1,21,0.0455,78
362,6159,8,0,8,0.0,20
363,6174,16,0,16,0.0,66
364,6177,6,1,5,0.1667,15
365,6185,9,1,8,0.1111,28
366,6190,10,0,10,0.0,30
367,6210,7,0,7,0.0,14
368,6242,25,1,24,0.04,103
369,6257,8,0,8,0.0,23
370,6259,16,0,16,0.0,52
371,6271,20,0,20,0.0,90
372,6272,8,0,8,0.0,25
373,6285,18,0,18,0.0,67
374,6295,41,0,41,0.0,172
375,6316,19,0,19,0.0,56
376,6322,14,0,14,0.0,46
377,6328,16,0,16,0.0,56
378,6330,34,1,33,0.0294,146
379,6356,15,1,14,0.0667,52
380,6368,4,0,4,0.0,6
381,6380,9,0,9,0.0,28
382,6401,18,0,18,0.0,81
383,6416,15,0,15,0.0,55
384,6419,7,0,7,0.0,19
385,6426,15,0,15,0.0,50
386,6442,20,0,20,0.0,72
387,6451,7,0,7,0.0,19
388,6467,5,3,2,0.6,10
389,6480,18,12,6,0.6667,76
390,6485,37,0,37,0.0,176
391,6524,6,5,1,0.8333,15
392,6525,15,0,15,0.0,46
393,6559,20,0,20,0.0,68
394,6561,11,0,11,0.0,25
395,6587,11,0,11,0.0,29
396,6590,9,0,9,0.0,23
397,6591,6,0,6,0.0,13
398,6604,23,0,23,0.0,94
399,6625,6,0,6,0.0,13
400,6641,11,0,11,0.0,35
401,6656,4,0,4,0.0,7
402,6664,12,0,12,0.0,39
403,6667,10,0,10,0.0,28
404,6668,10,1,9,0.1,28
405,6678,23,0,23,0.0,94
406,6713,22,0,22,0.0,106
407,6721,31,0,31,0.0,146
408,6723,5,0,5,0.0,8
409,6732,6,0,6,0.0,13
410,6747,22,0,22,0.0,85
411,6766,7,0,7,0.0,13
412,6813,18,2,16,0.1111,68
413,6837,27,0,27,0.0,128
414,6846,108,6,102,0.0556,557
415,6854,20,0,20,0.0,65
416,6859,13,0,13,0.0,37
417,6879,24,0,24,0.0,108
418,6896,5,0,5,0.0,8
419,6897,31,1,30,0.0323,107
420,6902,6,0,6,0.0,14
421,6929,15,0,15,0.0,51
422,6930,55,0,55,0.0,219
423,6944,24,0,24,0.0,99
424,6978,29,0,29,0.0,101
425,6979,13,1,12,0.0769,42
426,6989,12,0,12,0.0,31
427,6998,8,0,8,0.0,20
428,7004,7,0,7,0.0,16
429,7012,22,0,22,0.0,87
430,7023,30,0,30,0.0,117
431,7047,10,1,9,0.1,22
432,7052,4,0,4,0.0,6
433,7054,13,0,13,0.0,38
434,7064,16,1,15,0.0625,38
435,7065,23,0,23,0.0,77
436,7068,24,1,23,0.0417,97
437,7081,7,0,7,0.0,17
438,7092,33,19,14,0.5758,208
439,7107,22,1,21,0.0455,96
440,7108,31,0,31,0.0,144
441,7119,3,0,3,0.0,3
442,7127,2,0,2,0.0,1
443,7143,22,15,7,0.6818,92
444,7150,7,0,7,0.0,17
445,7155,31,0,31,0.0,143
446,7157,16,1,15,0.0625,56
447,7170,28,2,26,0.0714,130
448,7171,8,0,8,0.0,20
449,7183,10,0,10,0.0,27
450,7218,18,1,17,0.0556,84
451,7224,34,0,34,0.0,153
452,7230,45,0,45,0.0,175
453,7243,26,0,26,0.0,94
454,7262,26,0,26,0.0,143
455,7267,5,0,5,0.0,10
456,7276,14,0,14,0.0,39
457,7279,9,0,9,0.0,26
458,7293,12,0,12,0.0,41
459,7366,11,0,11,0.0,35
460,7372,15,1,14,0.0667,58
461,7400,8,0,8,0.0,17
462,7401,7,0,7,0.0,16
463,7418,7,0,7,0.0,17
464,7451,16,0,16,0.0,51
465,7486,20,0,20,0.0,72
466,7498,22,0,22,0.0,93
467,7510,20,0,20,0.0,81
468,7516,16,0,16,0.0,51
469,7521,12,0,12,0.0,27
470,7523,18,0,18,0.0,51
471,7547,33,0,33,0.0,158
472,7634,25,1,24,0.04,113
473,7674,33,1,32,0.0303,135
474,7677,18,0,18,0.0,69
475,7699,19,0,19,0.0,75
476,7700,10,0,10,0.0,37
477,7739,11,0,11,0.0,32
478,7749,6,0,6,0.0,11
479,7775,27,0,27,0.0,86
480,7778,31,1,30,0.0323,131
481,7793,6,0,6,0.0,13
482,7808,34,0,34,0.0,160
483,7840,3,0,3,0.0,3
484,7884,56,1,55,0.0179,251
485,7896,11,0,11,0.0,43
486,7899,20,0,20,0.0,82
487,7911,36,1,35,0.0278,172
488,7919,10,0,10,0.0,35
489,7937,5,0,5,0.0,12
490,7945,9,0,9,0.0,26
491,7952,9,1,8,0.1111,24
492,7972,40,2,38,0.05,177
493,7973,19,0,19,0.0,83
494,7989,6,1,5,0.1667,13
495,7991,41,0,41,0.0,184
496,7993,30,0,30,0.0,140
497,8008,17,0,17,0.0,64
498,8013,6,0,6,0.0,13
499,8046,15,1,14,0.0667,52
500,8061,10,0,10,0.0,32
501,8073,11,0,11,0.0,26
502,8074,13,0,13,0.0,38
503,8086,24,0,24,0.0,104
504,8090,5,0,5,0.0,10
505,8091,11,1,10,0.0909,31
506,8117,4,0,4,0.0,6
507,8118,9,2,7,0.2222,25
508,8159,8,1,7,0.125,17
509,8162,3,0,3,0.0,3
510,8177,18,0,18,0.0,80
511,8184,7,0,7,0.0,20
512,8190,6,0,6,0.0,12
513,8199,7,0,7,0.0,15
514,8202,17,0,17,0.0,63
515,8205,7,1,6,0.1429,17
516,8217,16,0,16,0.0,57
517,8261,11,0,11,0.0,32
518,8273,6,0,6,0.0,12
519,8274,11,0,11,0.0,32
520,8299,11,1,10,0.0909,28
521,8301,17,1,16,0.0588,58
522,8304,7,0,7,0.0,18
523,8307,21,1,20,0.0476,88
524,8320,13,0,13,0.0,51
525,8321,16,0,16,0.0,34
526,8322,15,0,15,0.0,56
527,8354,4,0,4,0.0,6
528,8384,8,0,8,0.0,18
529,8385,9,0,9,0.0,18
530,8395,36,0,36,0.0,164
531,8416,19,1,18,0.0526,60
532,8419,13,0,13,0.0,40
533,8441,25,0,25,0.0,131
534,8457,5,0,5,0.0,8
535,8460,4,0,4,0.0,6
536,8463,4,0,4,0.0,5
537,8486,18,1,17,0.0556,59
538,8489,11,0,11,0.0,28
539,8494,8,0,8,0.0,18
540,8515,15,0,15,0.0,50
541,8546,16,1,15,0.0625,64
542,8581,13,0,13,0.0,41
543,8594,36,0,36,0.0,150
544,8600,20,1,19,0.05,74
545,8604,14,0,14,0.0,52
546,8608,12,1,11,0.0833,32
547,8628,12,0,12,0.0,58
548,8635,12,0,12,0.0,39
549,8643,17,0,17,0.0,64
550,8659,50,1,49,0.02,202
551,8686,10,0,10,0.0,31
552,8699,20,0,20,0.0,79
553,8701,14,0,14,0.0,38
554,8715,21,0,21,0.0,61
555,8747,19,0,19,0.0,73
556,8751,13,1,12,0.0769,38
557,8753,9,0,9,0.0,26
558,8766,38,0,38,0.0,179
559,8770,7,0,7,0.0,18
560,8799,7,0,7,0.0,14
561,8824,12,0,12,0.0,38
562,8826,8,0,8,0.0,20
563,8828,20,0,20,0.0,72
564,8867,40,0,40,0.0,171
565,8871,12,0,12,0.0,40
566,8875,6,0,6,0.0,12
567,8877,11,0,11,0.0,34
568,8882,11,0,11,0.0,37
569,8909,10,1,9,0.1,34
570,8950,41,0,41,0.0,218
571,8975,12,1,11,0.0833,55
572,8980,9,0,9,0.0,24
573,8986,5,1,4,0.2,12
574,9007,17,10,7,0.5882,73
575,9023,9,0,9,0.0,29
576,9036,12,0,12,0.0,45
577,9065,7,1,6,0.1429,18
578,9070,13,8,5,0.6154,52
579,9107,11,0,11,0.0,41
580,9142,13,0,13,0.0,56
581,9161,18,0,18,0.0,70
582,9194,23,1,22,0.0435,84
583,9199,37,4,33,0.1081,161
584,9206,16,0,16,0.0,59
585,9237,22,1,21,0.0455,81
586,9238,7,0,7,0.0,17
587,9281,8,0,8,0.0,23
588,9366,18,1,17,0.0556,63
589,9370,12,4,8,0.3333,46
590,9388,18,4,14,0.2222,86
591,9416,24,1,23,0.0417,101
592,9445,21,0,21,0.0,88
593,9473,6,0,6,0.0,11
594,9478,22,0,22,0.0,77
595,9504,10,0,10,0.0,27
596,9509,17,12,5,0.7059,97
597,9517,40,0,40,0.0,191
598,9529,8,1,7,0.125,25
599,9538,11,0,11,0.0,33
600,9539,33,0,33,0.0,110
601,9550,5,0,5,0.0,9
602,9560,5,0,5,0.0,10
603,9574,12,1,11,0.0833,40
604,9591,6,0,6,0.0,11
605,9614,28,0,28,0.0,122
606,9691,17,1,16,0.0588,68
607,9716,34,1,33,0.0294,118
608,9725,15,3,12,0.2,42
609,9738,18,1,17,0.0556,60
610,9785,9,0,9,0.0,32
611,9829,36,0,36,0.0,177
612,9859,7,0,7,0.0,16
613,9875,20,0,20,0.0,95
614,9888,13,0,13,0.0,48
615,9923,27,0,27,0.0,152
616,9924,46,1,45,0.0217,198
617,9925,19,0,19,0.0,59
618,9927,59,0,59,0.0,269
619,9931,14,0,14,0.0,45
620,9936,5,0,5,0.0,9
621,9953,19,0,19,0.0,65
622,9954,26,0,26,0.0,103
623,9960,15,0,15,0.0,36
624,9961,26,0,26,0.0,81
625,9971,3,0,3,0.0,3
626,9984,14,0,14,0.0,50
627,10030,38,1,37,0.0263,169
628,10052,29,0,29,0.0,103
629,10059,17,0,17,0.0,59
630,10075,7,0,7,0.0,16
631,10083,17,0,17,0.0,69
632,10105,4,0,4,0.0,6
633,10108,4,0,4,0.0,6
634,10117,13,0,13,0.0,39
635,10144,11,0,11,0.0,36
636,10145,6,0,6,0.0,11
637,10184,13,1,12,0.0769,44
638,10191,14,0,14,0.0,57
639,10209,9,0,9,0.0,33
640,10223,4,0,4,0.0,6
641,10244,5,0,5,0.0,10
642,10263,19,0,19,0.0,76
643,10266,17,1,16,0.0588,65
644,10272,15,0,15,0.0,48
645,10291,7,0,7,0.0,16
646,10295,6,0,6,0.0,13
647,10300,21,0,21,0.0,61
648,10302,8,0,8,0.0,23
649,10315,5,0,5,0.0,10
650,10317,11,0,11,0.0,27
651,10326,9,0,9,0.0,29
652,10333,13,0,13,0.0,39
653,10334,6,0,6,0.0,14
654,10342,25,1,24,0.04,88
655,10364,21,0,21,0.0,85
656,10370,22,0,22,0.0,85
657,10386,22,15,7,0.6818,122
658,10389,12,0,12,0.0,30
659,10393,20,0,20,0.0,103
660,10400,6,0,6,0.0,12
661,10437,15,1,14,0.0667,47
662,10468,6,0,6,0.0,14
663,10491,6,0,6,0.0,15
664,10514,32,0,32,0.0,137
665,10515,23,5,18,0.2174,92
666,10520,26,0,26,0.0,94
667,10523,10,0,10,0.0,36
668,10537,7,0,7,0.0,12
669,10539,14,0,14,0.0,45
670,10543,36,0,36,0.0,133
671,10573,10,0,10,0.0,27
672,10592,22,0,22,0.0,77
673,10636,15,1,14,0.0667,66
674,10653,18,0,18,0.0,57
675,10718,23,0,23,0.0,98
676,10744,28,0,28,0.0,123
677,10765,10,1,9,0.1,24
678,10771,25,1,24,0.04,101
679,10807,6,0,6,0.0,12
680,10812,5,1,4,0.2,9
681,10824,9,2,7,0.2222,23
682,10844,9,0,9,0.0,25
683,10854,19,0,19,0.0,65
684,10893,12,0,12,0.0,43
685,10910,15,0,15,0.0,65
686,10920,31,0,31,0.0,170
687,10928,8,0,8,0.0,16
688,10938,32,0,32,0.0,124
689,10954,18,0,18,0.0,62
690,10967,17,0,17,0.0,60
691,10968,5,0,5,0.0,8
692,10973,17,0,17,0.0,57
693,10980,36,1,35,0.0278,169
694,10988,7,0,7,0.0,13
695,11004,10,0,10,0.0,30
696,11007,11,0,11,0.0,27
697,11029,5,0,5,0.0,9
698,11062,5,0,5,0.0,10
699,11078,29,0,29,0.0,136
700,11099,26,2,24,0.0769,98
701,11105,16,2,14,0.125,49
702,11119,54,0,54,0.0,242
703,11130,29,2,27,0.069,107
704,11140,5,0,5,0.0,10
705,11146,12,5,7,0.4167,38
706,11155,15,0,15,0.0,56
707,11172,33,0,33,0.0,161
708,11185,13,0,13,0.0,53
709,11195,25,0,25,0.0,86
710,11223,6,0,6,0.0,11
711,11230,7,0,7,0.0,17
712,11246,4,0,4,0.0,6
713,11280,23,0,23,0.0,80
714,11285,31,0,31,0.0,141
715,11292,13,5,8,0.3846,32
716,11316,29,0,29,0.0,104
717,11325,8,0,8,0.0,26
718,11331,5,0,5,0.0,10
719,11338,9,1,8,0.1111,24
720,11341,5,0,5,0.0,10
721,11401,12,0,12,0.0,41
722,11405,13,1,12,0.0769,43
723,11411,25,0,25,0.0,115
724,11419,34,0,34,0.0,142
725,11426,6,0,6,0.0,12
726,11442,10,0,10,0.0,30
727,11443,10,0,10,0.0,33
728,11459,30,1,29,0.0333,116
729,11481,50,3,47,0.06,205
730,11482,44,1,43,0.0227,229
731,11509,32,0,32,0.0,150
732,11514,4,0,4,0.0,6
733,11515,7,0,7,0.0,15
734,11526,10,0,10,0.0,34
735,11593,20,0,20,0.0,79
736,11617,17,0,17,0.0,55
737,11681,19,0,19,0.0,68
738,11705,33,0,33,0.0,143
739,11709,15,0,15,0.0,49
740,11721,4,0,4,0.0,6
741,11724,6,0,6,0.0,11
742,11726,13,0,13,0.0,39
743,11727,21,0,21,0.0,86
744,11741,5,0,5,0.0,10
745,11744,25,0,25,0.0,81
746,11749,10,0,10,0.0,21
747,11762,21,1,20,0.0476,62
748,11768,10,0,10,0.0,31
749,11771,30,1,29,0.0333,104
750,11788,8,0,8,0.0,20
751,11805,6,0,6,0.0,14
752,11849,5,0,5,0.0,9
753,11851,6,1,5,0.1667,12
754,11858,17,9,8,0.5294,88
755,11868,13,1,12,0.0769,51
756,11884,22,0,22,0.0,94
757,11891,15,0,15,0.0,47
758,11896,23,0,23,0.0,88
759,11909,13,0,13,0.0,46
760,11925,19,0,19,0.0,64
761,11975,16,9,7,0.5625,75
762,11997,37,1,36,0.027,196
763,12034,19,0,19,0.0,64
764,12042,34,0,34,0.0,135
765,12052,22,0,22,0.0,74
766,12060,50,0,50,0.0,230
767,12067,30,0,30,0.0,113
768,12077,34,1,33,0.0294,158
769,12103,9,0,9,0.0,22
770,12138,17,0,17,0.0,48
771,12139,13,0,13,0.0,42
772,12150,13,0,13,0.0,39
773,12162,4,0,4,0.0,6
774,12163,7,0,7,0.0,18
775,12268,25,0,25,0.0,79
776,12270,69,3,66,0.0435,301
777,12287,6,0,6,0.0,14
778,12318,13,0,13,0.0,32
779,12328,40,0,40,0.0,207
780,12358,18,3,15,0.1667,59
781,12374,21,0,21,0.0,74
782,12400,4,0,4,0.0,6
783,12410,9,0,9,0.0,27
784,12413,7,0,7,0.0,18
785,12427,30,1,29,0.0333,120
786,12441,28,0,28,0.0,112
787,12479,54,0,54,0.0,216
788,12498,5,0,5,0.0,10
789,12519,12,0,12,0.0,41
790,12575,5,0,5,0.0,9
791,12609,10,0,10,0.0,22
792,12655,19,15,4,0.7895,84
793,12659,7,0,7,0.0,19
794,12666,16,0,16,0.0,61
795,12668,12,1,11,0.0833,31
796,12670,15,0,15,0.0,47
797,12690,7,1,6,0.1429,17
798,12691,7,0,7,0.0,16
799,12694,15,0,15,0.0,53
800,12696,7,0,7,0.0,18
801,12704,14,0,14,0.0,50
802,12705,6,0,6,0.0,11
803,12724,9,1,8,0.1111,26
804,12729,6,0,6,0.0,15
805,12756,12,0,12,0.0,41
806,12766,25,0,25,0.0,86
807,12772,16,0,16,0.0,55
808,12776,11,0,11,0.0,27
809,12780,32,0,32,0.0,145
810,12789,6,0,6,0.0,12
811,12806,10,0,10,0.0,25
812,12807,16,0,16,0.0,59
813,12823,4,0,4,0.0,6
814,12862,20,1,19,0.05,79
815,12869,11,5,6,0.4545,43
816,12893,4,0,4,0.0,6
817,12929,3,0,3,0.0,3
818,12930,21,0,21,0.0,103
819,12932,30,0,30,0.0,113
820,12938,20,1,19,0.05,69
821,12949,8,0,8,0.0,18
822,12950,51,1,50,0.0196,223
823,12973,10,0,10,0.0,38
824,12981,8,0,8,0.0,27
825,12985,21,0,21,0.0,73
826,12989,23,0,23,0.0,131
827,12991,12,1,11,0.0833,43
828,13038,7,0,7,0.0,16
829,13046,48,0,48,0.0,215
830,13089,9,1,8,0.1111,27
831,13109,3,0,3,0.0,3
832,13163,18,0,18,0.0,62
833,13168,26,0,26,0.0,114
834,13172,4,0,4,0.0,6
835,13194,18,0,18,0.0,77
836,13223,47,1,46,0.0213,204
837,13266,9,0,9,0.0,21
838,13271,29,1,28,0.0345,107
839,13294,25,8,17,0.32,80
840,13309,18,0,18,0.0,65
841,13332,13,1,12,0.0769,31
842,13341,22,2,20,0.0909,104
843,13402,25,0,25,0.0,92
844,13403,8,1,7,0.125,24
845,13420,22,0,22,0.0,92
846,13424,24,0,24,0.0,79
847,13425,8,0,8,0.0,18
848,13448,15,8,7,0.5333,54
849,13453,52,0,52,0.0,250
850,13463,19,0,19,0.0,62
851,13468,29,1,28,0.0345,105
852,13527,17,0,17,0.0,50
853,13560,19,0,19,0.0,78
854,13567,12,0,12,0.0,32
855,13579,35,1,34,0.0286,150
856,13616,17,1,16,0.0588,47
857,13629,16,0,16,0.0,58
858,13658,24,1,23,0.0417,91
859,13680,5,0,5,0.0,10
860,13683,44,1,43,0.0227,207
861,13737,14,1,13,0.0714,53
862,13740,3,0,3,0.0,3
863,13753,15,1,14,0.0667,46
864,13791,9,6,3,0.6667,25
865,13820,20,0,20,0.0,76
866,13829,42,0,42,0.0,199
867,13862,17,0,17,0.0,59
868,13864,33,0,33,0.0,116
869,13870,37,0,37,0.0,190
870,13875,47,0,47,0.0,203
871,13880,33,0,33,0.0,153
872,13907,8,0,8,0.0,19
873,13910,12,0,12,0.0,38
874,13912,10,0,10,0.0,29
875,13919,15,0,15,0.0,47
876,13936,26,0,26,0.0,87
877,13944,15,0,15,0.0,45
878,13950,23,0,23,0.0,77
879,13969,18,0,18,0.0,59
880,14003,16,0,16,0.0,65
881,14015,6,0,6,0.0,15
882,14021,19,0,19,0.0,71
883,14034,14,0,14,0.0,47
884,14068,13,1,12,0.0769,47
885,14101,47,0,47,0.0,237
886,14128,16,0,16,0.0,68
887,14156,7,0,7,0.0,19
888,14165,7,0,7,0.0,14
889,14174,8,0,8,0.0,21
890,14183,11,0,11,0.0,35
891,14212,21,0,21,0.0,117
892,14243,3,0,3,0.0,3
893,14287,17,0,17,0.0,64
894,14292,17,1,16,0.0588,77
895,14342,22,0,22,0.0,97
896,14346,17,0,17,0.0,70
897,14358,8,0,8,0.0,20
898,14361,27,1,26,0.037,103
899,14366,10,2,8,0.2,31
900,14395,23,0,23,0.0,83
901,14396,6,0,6,0.0,10
902,14427,18,0,18,0.0,79
903,14434,25,1,24,0.04,104
904,14438,12,0,12,0.0,39
905,14479,5,0,5,0.0,8
906,14490,14,0,14,0.0,47
907,14505,12,0,12,0.0,47
908,14506,14,0,14,0.0,59
909,14523,10,0,10,0.0,24
910,14532,6,0,6,0.0,13
911,14537,12,0,12,0.0,31
912,14595,14,1,13,0.0714,39
913,14607,10,0,10,0.0,24
914,14615,25,0,25,0.0,91
915,14619,17,0,17,0.0,64
916,14635,15,0,15,0.0,54
917,14707,22,0,22,0.0,76
918,14713,11,0,11,0.0,34
919,14740,6,0,6,0.0,8
920,14761,10,0,10,0.0,39
921,14764,9,1,8,0.1111,22
922,14783,12,0,12,0.0,40
923,14792,10,0,10,0.0,23
924,14794,5,0,5,0.0,10
925,14803,6,0,6,0.0,11
926,14823,19,0,19,0.0,57
927,14834,7,0,7,0.0,12
928,14861,14,1,13,0.0714,67
929,14907,11,0,11,0.0,38
930,14912,5,0,5,0.0,9
931,14921,12,1,11,0.0833,38
932,14965,3,0,3,0.0,3
933,14988,4,0,4,0.0,6
934,14993,23,1,22,0.0435,105
935,15042,11,0,11,0.0,33
936,15057,15,0,15,0.0,45
937,15071,5,0,5,0.0,9
938,15075,7,0,7,0.0,15
939,15082,29,0,29,0.0,136
940,15116,8,0,8,0.0,14
941,15132,19,0,19,0.0,75
942,15153,14,0,14,0.0,64
943,15168,5,0,5,0.0,7
944,15189,15,0,15,0.0,62
945,15201,7,0,7,0.0,17
946,15203,26,0,26,0.0,136
947,15240,9,0,9,0.0,22
948,15251,11,2,9,0.1818,43
949,15262,22,0,22,0.0,78
950,15263,10,1,9,0.1,25
951,15272,14,0,14,0.0,41
952,15277,15,0,15,0.0,55
953,15288,8,0,8,0.0,23
954,15313,14,0,14,0.0,53
955,15332,11,0,11,0.0,44
956,15360,26,0,26,0.0,116
957,15365,8,0,8,0.0,21
958,15376,19,0,19,0.0,93
959,15378,29,0,29,0.0,129
960,15383,32,0,32,0.0,144
961,15400,3,0,3,0.0,3
962,15409,12,0,12,0.0,34
963,15437,11,0,11,0.0,31
964,15456,15,0,15,0.0,49
965,15468,9,0,9,0.0,29
966,15470,16,0,16,0.0,57
967,15476,19,0,19,0.0,69
968,15525,36,1,35,0.0278,157
969,15548,23,0,23,0.0,84
970,15558,11,0,11,0.0,33
971,15629,39,17,22,0.4359,244
972,15640,10,0,10,0.0,29
973,15648,11,0,11,0.0,31
974,15673,15,0,15,0.0,42
975,15686,12,0,12,0.0,36
976,15707,9,0,9,0.0,26
977,15710,14,0,14,0.0,47
978,15738,9,0,9,0.0,25
979,15751,13,2,11,0.1538,49
980,15770,13,0,13,0.0,42
981,15804,22,0,22,0.0,94
982,15805,10,0,10,0.0,34
983,15807,44,0,44,0.0,246
984,15813,10,0,10,0.0,33
985,15824,23,0,23,0.0,75
986,15835,14,0,14,0.0,55
987,15839,12,0,12,0.0,49
988,15853,6,0,6,0.0,13
989,15857,3,1,2,0.3333,3
990,15875,3,0,3,0.0,3
991,15908,15,0,15,0.0,61
992,15928,11,0,11,0.0,29
993,15944,7,0,7,0.0,14
994,15962,36,1,35,0.0278,137
995,15964,8,0,8,0.0,19
996,15965,46,1,45,0.0217,193
997,15976,13,0,13,0.0,40
998,16006,42,1,41,0.0238,209
999,16011,6,0,6,0.0,10
1000,16037,28,1,27,0.0357,90
1001,16039,11,1,10,0.0909,31
1002,16044,47,1,46,0.0213,194
1003,16083,38,0,38,0.0,169
1004,16090,11,0,11,0.0,40
1005,16120,15,0,15,0.0,39
1006,16149,9,0,9,0.0,25
1007,16159,9,0,9,0.0,24
1008,16165,11,0,11,0.0,31
1009,16170,7,0,7,0.0,16
1010,16225,25,0,25,0.0,89
1011,16228,5,1,4,0.2,10
1012,16255,19,0,19,0.0,66
1013,16275,12,0,12,0.0,38
1014,16282,3,0,3,0.0,3
1015,16295,7,2,5,0.2857,16
1016,16302,9,1,8,0.1111,26
1017,16311,12,0,12,0.0,42
1018,16327,6,0,6,0.0,13
1019,16370,3,0,3,0.0,3
1020,16378,27,1,26,0.037,106
1021,16385,13,0,13,0.0,45
1022,16395,11,0,11,0.0,33
1023,16441,9,0,9,0.0,22
1024,16466,11,0,11,0.0,30
1025,16484,14,0,14,0.0,57
1026,16496,14,0,14,0.0,44
1027,16502,25,0,25,0.0,107
1028,16523,12,0,12,0.0,47
1029,16536,10,0,10,0.0,28
1030,16612,3,0,3,0.0,3
1031,16625,11,0,11,0.0,34
1032,16631,8,3,5,0.375,25
1033,16633,7,0,7,0.0,20
1034,16651,11,0,11,0.0,31
1035,16652,5,0,5,0.0,10
1036,16672,7,0,7,0.0,19
1037,16692,8,1,7,0.125,18
1038,16719,9,0,9,0.0,26
1039,16729,9,0,9,0.0,27
1040,16738,6,0,6,0.0,9
1041,16759,37,0,37,0.0,166
1042,16762,13,0,13,0.0,48
1043,16768,20,0,20,0.0,87
1044,16784,23,4,19,0.1739,111
1045,16819,48,16,32,0.3333,252
1046,16841,7,1,6,0.1429,19
1047,16877,15,0,15,0.0,51
1048,16881,6,0,6,0.0,12
1049,16889,14,1,13,0.0714,64
1050,16903,9,0,9,0.0,28
1051,16917,14,0,14,0.0,44
1052,16922,13,0,13,0.0,37
1053,16941,9,0,9,0.0,23
1054,16962,25,1,24,0.04,101
1055,16983,4,0,4,0.0,6
1056,17017,7,0,7,0.0,16
1057,17035,18,0,18,0.0,74
1058,17037,12,1,11,0.0833,47
1059,17039,18,1,17,0.0556,49
1060,17049,15,0,15,0.0,51
1061,17054,7,0,7,0.0,17
1062,17074,12,1,11,0.0833,42
1063,17077,25,2,23,0.08,94
1064,17100,13,0,13,0.0,52
1065,17111,18,0,18,0.0,65
1066,17128,34,0,34,0.0,137
1067,17132,10,0,10,0.0,25
1068,17136,18,0,18,0.0,76
1069,17156,6,0,6,0.0,11
1070,17170,17,1,16,0.0588,48
1071,17182,16,2,14,0.125,63
1072,17189,16,2,14,0.125,60
1073,17242,9,0,9,0.0,28
1074,17266,19,0,19,0.0,67
1075,17267,22,1,21,0.0455,93
1076,17276,10,1,9,0.1,24
1077,17288,16,0,16,0.0,69
1078,17305,4,1,3,0.25,6
1079,17329,35,1,34,0.0286,143
1080,17334,9,0,9,0.0,31
1081,17336,13,0,13,0.0,50
1082,17366,15,0,15,0.0,48
1083,17386,14,0,14,0.0,44
1084,17425,16,0,16,0.0,50
1085,17427,4,0,4,0.0,6
1086,17466,21,0,21,0.0,86
1087,17472,22,0,22,0.0,103
1088,17477,14,0,14,0.0,67
1089,17485,15,0,15,0.0,49
1090,17486,14,0,14,0.0,46
1091,17500,14,0,14,0.0,49
1092,17502,19,0,19,0.0,71
1093,17511,15,0,15,0.0,59
1094,17515,3,0,3,0.0,3
1095,17568,15,0,15,0.0,52
1096,17573,13,0,13,0.0,45
1097,17587,7,0,7,0.0,17
1098,17604,10,0,10,0.0,28
1099,17608,25,1,24,0.04,103
1100,17619,21,0,21,0.0,82
1101,17627,7,0,7,0.0,15
1102,17639,13,0,13,0.0,45
1103,17680,15,1,14,0.0667,53
1104,17688,7,0,7,0.0,13
1105,17692,3,0,3,0.0,3
1106,17696,8,0,8,0.0,17
1107,17764,12,0,12,0.0,41
1108,17786,17,1,16,0.0588,61
1109,17789,22,1,21,0.0455,88
1110,17791,9,0,9,0.0,23
1111,17794,4,1,3,0.25,5
1112,17795,11,0,11,0.0,38
1113,17831,13,0,13,0.0,50
1114,17849,34,4,30,0.1176,135
1115,17885,23,0,23,0.0,99
1116,17899,11,0,11,0.0,29
1117,17905,11,0,11,0.0,31
1118,17910,6,0,6,0.0,14
1119,17943,4,0,4,0.0,6
1120,17980,25,0,25,0.0,98
1121,18007,9,0,9,0.0,27
1122,18025,11,0,11,0.0,36
1123,18029,8,0,8,0.0,22
1124,18059,10,0,10,0.0,33
1125,18072,14,0,14,0.0,43
1126,18073,19,1,18,0.0526,83
1127,18105,15,1,14,0.0667,42
1128,18115,11,0,11,0.0,37
1129,18134,10,3,7,0.3,33
1130,18137,20,0,20,0.0,69
1131,18142,13,1,12,0.0769,51
1132,18147,10,0,10,0.0,32
1133,18173,11,0,11,0.0,32
1134,18181,15,3,12,0.2,42
1135,18188,13,0,13,0.0,47
1136,18200,30,27,3,0.9,205
1137,18203,40,3,37,0.075,190
1138,18207,10,0,10,0.0,35
1139,18213,12,0,12,0.0,35
1140,18220,7,0,7,0.0,15
1141,18264,7,1,6,0.1429,21
1142,18269,16,0,16,0.0,53
1143,18327,12,0,12,0.0,47
1144,18343,8,6,2,0.75,24
1145,18397,9,0,9,0.0,27
1146,18425,15,0,15,0.0,43
1147,18442,5,0,5,0.0,10
1148,18465,24,6,18,0.25,99
1149,18466,43,1,42,0.0233,215
1150,18470,24,2,22,0.0833,104
1151,18485,50,0,50,0.0,215
1152,18500,16,1,15,0.0625,57
1153,18515,10,0,10,0.0,24
1154,18552,14,1,13,0.0714,45
1155,18564,5,0,5,0.0,10
1156,18567,31,1,30,0.0323,122
1157,18570,17,0,17,0.0,65
1158,18588,11,8,3,0.7273,47
1159,18591,82,2,80,0.0244,439
1160,18596,3,0,3,0.0,3
1161,18603,11,0,11,0.0,40
1162,18615,31,1,30,0.0323,164
1163,18632,34,0,34,0.0,139
1164,18635,27,0,27,0.0,113
1165,18665,9,3,6,0.3333,24
1166,18759,5,0,5,0.0,10
1167,18791,11,0,11,0.0,32
1168,18795,26,3,23,0.1154,107
1169,18796,8,1,7,0.125,20
1170,18875,12,0,12,0.0,38
1171,18883,16,0,16,0.0,53
1172,18886,3,0,3,0.0,3
1173,18915,18,2,16,0.1111,86
1174,18922,12,10,2,0.8333,45
1175,18941,7,0,7,0.0,17
1176,18956,26,0,26,0.0,109
1177,18958,20,1,19,0.05,74
1178,18972,15,0,15,0.0,48
1179,18975,52,4,48,0.0769,269
1180,18994,14,0,14,0.0,57
1181,18996,19,0,19,0.0,60
1182,19009,6,1,5,0.1667,11
1183,19017,10,1,9,0.1,26
1184,19022,7,0,7,0.0,17
1185,19028,10,0,10,0.0,29
1186,19035,10,3,7,0.3,29
1187,19036,28,0,28,0.0,98
1188,19070,3,0,3,0.0,3
1189,19085,3,0,3,0.0,3
1190,19109,32,2,30,0.0625,147
1191,19116,9,0,9,0.0,22
1192,19163,35,0,35,0.0,140
1193,19165,25,1,24,0.04,97
1194,19193,14,1,13,0.0714,39
1195,19194,8,1,7,0.125,21
1196,19247,14,0,14,0.0,59
1197,19328,47,0,47,0.0,217
1198,19360,13,0,13,0.0,52
1199,19369,12,1,11,0.0833,47
1200,19414,15,1,14,0.0667,55
1201,19439,16,1,15,0.0625,59
1202,19450,6,0,6,0.0,13
1203,19455,39,0,39,0.0,179
1204,19459,8,0,8,0.0,21
1205,19469,10,0,10,0.0,32
1206,19480,37,0,37,0.0,143
1207,19509,31,1,30,0.0323,121
1208,19514,10,0,10,0.0,34
1209,19519,11,0,11,0.0,37
1210,19534,25,0,25,0.0,106
1211,19539,11,2,9,0.1818,37
1212,19553,17,0,17,0.0,64
1213,19576,7,0,7,0.0,16
1214,19577,8,0,8,0.0,21
1215,19600,35,5,30,0.1429,157
1216,19622,17,0,17,0.0,96
1217,19638,9,0,9,0.0,26
1218,19650,10,0,10,0.0,32
1219,19661,41,4,37,0.0976,215
1220,19689,8,0,8,0.0,18
1221,19738,36,0,36,0.0,178
1222,19753,8,0,8,0.0,21
1223,19797,22,0,22,0.0,74
1224,19798,13,0,13,0.0,29
1225,19810,6,0,6,0.0,12
1226,19818,71,2,69,0.0282,343
1227,19845,14,0,14,0.0,44
1228,19869,7,1,6,0.1429,21
1229,19895,23,0,23,0.0,115
1230,19931,7,1,6,0.1429,13
1231,19960,11,0,11,0.0,34
1232,19963,18,0,18,0.0,70
1233,19970,43,0,43,0.0,210
1234,19987,9,0,9,0.0,35
1235,19994,22,1,21,0.0455,83
1236,19995,16,0,16,0.0,52
1237,19998,13,0,13,0.0,36
1238,20020,18,0,18,0.0,59
1239,20054,3,0,3,0.0,3
1240,20081,20,1,19,0.05,63
1241,20084,4,0,4,0.0,6
1242,20111,37,1,36,0.027,170
1243,20116,8,0,8,0.0,23
1244,20131,20,0,20,0.0,81
1245,20138,12,0,12,0.0,38
1246,20165,13,0,13,0.0,39
1247,20184,14,0,14,0.0,41
1248,20197,6,1,5,0.1667,14
1249,20203,13,0,13,0.0,46
1250,20205,6,0,6,0.0,14
1251,20208,7,0,7,0.0,19
1252,20213,21,0,21,0.0,78
1253,20214,16,0,16,0.0,49
1254,20223,6,0,6,0.0,9
1255,20253,21,1,20,0.0476,86
1256,20301,7,0,7,0.0,14
1257,20337,30,0,30,0.0,112
1258,20340,12,0,12,0.0,34
1259,20348,9,1,8,0.1111,26
1260,20350,6,0,6,0.0,14
1261,20358,4,0,4,0.0,6
1262,20374,14,1,13,0.0714,48
1263,20380,15,0,15,0.0,66
1264,20389,5,0,5,0.0,9
1265,20401,17,0,17,0.0,68
1266,20416,6,0,6,0.0,12
1267,20461,7,0,7,0.0,15
1268,20507,14,0,14,0.0,59
1269,20525,9,0,9,0.0,25
1270,20537,4,0,4,0.0,6
1271,20553,45,0,45,0.0,246
1272,20608,10,0,10,0.0,27
1273,20614,3,0,3,0.0,3
1274,20619,13,0,13,0.0,41
1275,20622,17,1,16,0.0588,57
1276,20678,24,9,15,0.375,112
1277,20713,12,0,12,0.0,51
1278,20720,6,0,6,0.0,12
1279,20746,10,6,4,0.6,31
1280,20758,27,3,24,0.1111,97
1281,20794,9,0,9,0.0,24
1282,20804,6,1,5,0.1667,12
1283,20866,23,0,23,0.0,85
1284,20874,36,0,36,0.0,143
1285,20876,10,0,10,0.0,33
1286,20884,5,0,5,0.0,10
1287,20913,22,0,22,0.0,106
1288,20915,8,0,8,0.0,22
1289,20945,44,1,43,0.0227,185
1290,20949,10,0,10,0.0,36
1291,20990,14,0,14,0.0,49
1292,20992,7,0,7,0.0,17
1293,21025,32,1,31,0.0312,106
1294,21031,6,0,6,0.0,11
1295,21038,8,0,8,0.0,20
1296,21047,4,0,4,0.0,6
1297,21101,18,13,5,0.7222,97
1298,21113,12,0,12,0.0,47
1299,21122,7,1,6,0.1429,22
1300,21135,26,0,26,0.0,114
1301,21139,24,0,24,0.0,106
1302,21151,14,0,14,0.0,59
1303,21186,29,19,10,0.6552,129
1304,21196,32,0,32,0.0,146
1305,21204,9,0,9,0.0,22
1306,21206,18,2,16,0.1111,59
1307,21308,21,1,20,0.0476,73
1308,21311,14,0,14,0.0,43
1309,21327,13,0,13,0.0,49
1310,21331,18,0,18,0.0,73
1311,21333,46,1,45,0.0217,222
1312,21354,17,4,13,0.2353,61
1313,21387,8,0,8,0.0,22
1314,21400,9,0,9,0.0,30
1315,21425,12,0,12,0.0,38
1316,21463,23,1,22,0.0435,91
1317,21477,12,3,9,0.25,40
1318,21491,7,1,6,0.1429,16
1319,21499,11,1,10,0.0909,30
1320,21527,10,0,10,0.0,36
1321,21557,13,7,6,0.5385,39
1322,21590,10,0,10,0.0,30
1323,21598,14,2,12,0.1429,50
1324,21606,8,0,8,0.0,19
1325,21621,8,0,8,0.0,20
1326,21628,16,1,15,0.0625,55
1327,21639,19,0,19,0.0,61
1328,21641,32,11,21,0.3438,181
1329,21642,16,9,7,0.5625,65
1330,21645,24,0,24,0.0,85
1331,21679,13,3,10,0.2308,45
1332,21682,10,0,10,0.0,33
1333,21709,8,0,8,0.0,20
1334,21727,14,0,14,0.0,43
1335,21746,44,23,21,0.5227,243
1336,21751,6,0,6,0.0,15
1337,21763,14,1,13,0.0714,36
1338,21774,20,0,20,0.0,78
1339,21780,13,0,13,0.0,36
1340,21789,16,0,16,0.0,65
1341,21802,22,1,21,0.0455,82
1342,21814,13,0,13,0.0,38
1343,21815,42,1,41,0.0238,182
1344,21819,13,1,12,0.0769,45
1345,21854,27,0,27,0.0,95
1346,21856,5,0,5,0.0,8
1347,21862,29,0,29,0.0,101
1348,21875,12,0,12,0.0,40
1349,21879,19,13,6,0.6842,81
1350,21886,7,0,7,0.0,19
1351,21931,12,2,10,0.1667,44
1352,21932,17,0,17,0.0,69
1353,21937,8,1,7,0.125,23
1354,21938,10,0,10,0.0,33
1355,21940,68,2,66,0.0294,325
1356,22010,29,0,29,0.0,129
1357,22028,12,0,12,0.0,34
1358,22041,14,1,13,0.0714,52
1359,22054,7,0,7,0.0,20
1360,22069,8,0,8,0.0,17
1361,22137,9,0,9,0.0,22
1362,22170,3,0,3,0.0,3
1363,22208,4,0,4,0.0,6
1364,22217,14,0,14,0.0,45
1365,22233,7,0,7,0.0,19
1366,22248,16,0,16,0.0,50
1367,22259,23,1,22,0.0435,75
1368,22302,5,0,5,0.0,10
1369,22304,15,0,15,0.0,60
1370,22320,4,0,4,0.0,6
1371,22357,23,0,23,0.0,94
1372,22360,10,0,10,0.0,33
1373,22371,6,0,6,0.0,12
1374,22411,4,0,4,0.0,6
1375,22436,26,0,26,0.0,97
1376,22456,16,0,16,0.0,51
1377,22457,9,0,9,0.0,26
1378,22469,6,0,6,0.0,15
1379,22491,37,0,37,0.0,153
1380,22496,23,1,22,0.0435,100
1381,22502,14,0,14,0.0,48
1382,22528,9,0,9,0.0,29
1383,22533,5,0,5,0.0,10
1384,22543,6,0,6,0.0,14
1385,22600,11,0,11,0.0,29
1386,22629,25,3,22,0.12,97
1387,22636,21,0,21,0.0,80
1388,22659,14,0,14,0.0,62
1389,22694,15,0,15,0.0,63
1390,22700,10,0,10,0.0,30
1391,22705,21,2,19,0.0952,100
1392,22731,16,0,16,0.0,62
1393,22739,9,1,8,0.1111,18
1394,22772,20,0,20,0.0,72
1395,22780,26,0,26,0.0,139
1396,22784,10,6,4,0.6,43
1397,22788,87,1,86,0.0115,423
1398,22789,14,1,13,0.0714,48
1399,22826,5,0,5,0.0,8
1400,22828,10,0,10,0.0,28
1401,22848,8,0,8,0.0,20
1402,22857,19,1,18,0.0526,57
1403,22859,20,0,20,0.0,63
1404,22874,16,0,16,0.0,70
1405,22892,6,0,6,0.0,14
1406,22896,30,0,30,0.0,136
1407,22921,33,0,33,0.0,118
1408,22967,25,0,25,0.0,114
1409,22988,13,0,13,0.0,46
1410,23001,14,0,14,0.0,58
1411,23008,12,0,12,0.0,37
1412,23016,8,1,7,0.125,21
1413,23020,13,0,13,0.0,52
1414,23023,12,1,11,0.0833,38
1415,23026,20,5,15,0.25,79
1416,23039,10,0,10,0.0,29
1417,23049,6,0,6,0.0,13
1418,23052,4,0,4,0.0,6
1419,23072,11,0,11,0.0,32
1420,23074,65,0,65,0.0,279
1421,23081,20,0,20,0.0,83
1422,23091,9,0,9,0.0,26
1423,23115,8,0,8,0.0,21
1424,23118,9,0,9,0.0,27
1425,23137,33,0,33,0.0,134
1426,23187,14,2,12,0.1429,54
1427,23202,7,0,7,0.0,14
1428,23213,7,0,7,0.0,17
1429,23224,8,0,8,0.0,21
1430,23229,9,1,8,0.1111,24
1431,23245,29,0,29,0.0,115
1432,23251,4,0,4,0.0,6
1433,23262,14,0,14,0.0,49
1434,23277,24,0,24,0.0,103
1435,23283,8,0,8,0.0,23
1436,23290,16,1,15,0.0625,64
1437,23294,6,0,6,0.0,12
1438,23301,8,0,8,0.0,15
1439,23327,52,0,52,0.0,262
1440,23329,6,0,6,0.0,11
1441,23341,16,0,16,0.0,56
1442,23351,6,0,6,0.0,15
1443,23359,5,0,5,0.0,10
1444,23362,7,0,7,0.0,17
1445,23373,20,0,20,0.0,72
1446,23382,10,0,10,0.0,31
1447,23397,5,0,5,0.0,9
1448,23410,31,1,30,0.0323,147
1449,23421,21,1,20,0.0476,75
1450,23423,19,1,18,0.0526,65
1451,23429,6,0,6,0.0,14
1452,23437,26,0,26,0.0,99
1453,23438,10,0,10,0.0,25
1454,23445,8,0,8,0.0,23
1455,23446,13,0,13,0.0,71
1456,23461,17,1,16,0.0588,58
1457,23468,19,0,19,0.0,75
1458,23472,32,1,31,0.0312,147
1459,23483,7,0,7,0.0,15
1460,23485,10,0,10,0.0,31
1461,23526,7,0,7,0.0,17
1462,23544,10,1,9,0.1,25
1463,23559,7,0,7,0.0,20
1464,23561,20,0,20,0.0,68
1465,23565,5,0,5,0.0,9
1466,23568,19,0,19,0.0,77
1467,23574,45,0,45,0.0,202
1468,23585,20,2,18,0.1,88
1469,23608,9,0,9,0.0,23
1470,23620,18,13,5,0.7222,73
1471,23632,5,0,5,0.0,9
1472,23638,7,0,7,0.0,18
1473,23642,23,0,23,0.0,97
1474,23643,3,0,3,0.0,3
1475,23686,13,0,13,0.0,38
1476,23729,13,0,13,0.0,35
1477,23734,23,0,23,0.0,87
1478,23740,24,1,23,0.0417,129
1479,23755,22,0,22,0.0,109
1480,23764,82,2,80,0.0244,354
1481,23780,14,0,14,0.0,61
1482,23797,14,0,14,0.0,40
1483,23847,8,0,8,0.0,17
1484,23873,12,0,12,0.0,34
1485,23884,12,1,11,0.0833,46
1486,23920,12,3,9,0.25,47
1487,23943,7,0,7,0.0,16
1488,23949,5,0,5,0.0,10
1489,23993,3,0,3,0.0,3
1490,24002,22,0,22,0.0,78
1491,24083,17,0,17,0.0,75
1492,24087,22,3,19,0.1364,71
1493,24108,13,1,12,0.0769,44
1494,24115,4,0,4,0.0,6
1495,24148,20,0,20,0.0,73
1496,24152,10,0,10,0.0,23
1497,24156,16,1,15,0.0625,48
1498,24160,33,0,33,0.0,166
1499,24168,18,0,18,0.0,70
1500,24192,6,0,6,0.0,14
1501,24236,10,0,10,0.0,30
1502,24300,25,22,3,0.88,132
1503,24304,16,1,15,0.0625,55
1504,24318,7,0,7,0.0,15
1505,24348,11,7,4,0.6364,46
1506,24355,22,6,16,0.2727,82
1507,24389,21,1,20,0.0476,76
1508,24447,25,1,24,0.04,134
1509,24452,11,0,11,0.0,30
1510,24465,14,0,14,0.0,39
1511,24498,8,0,8,0.0,22
1512,24499,15,0,15,0.0,48
1513,24509,10,0,10,0.0,28
1514,24517,12,1,11,0.0833,34
1515,24529,6,0,6,0.0,13
1516,24543,8,0,8,0.0,21
1517,24555,13,0,13,0.0,35
1518,24582,12,0,12,0.0,24
1519,24604,71,1,70,0.0141,281
1520,24612,7,2,5,0.2857,19
1521,24626,11,0,11,0.0,35
1522,24631,12,0,12,0.0,39
1523,24645,10,0,10,0.0,33
1524,24656,4,0,4,0.0,6
1525,24684,4,0,4,0.0,6
1526,24723,4,1,3,0.25,6
1527,24724,20,0,20,0.0,78
1528,24793,31,7,24,0.2258,144
1529,24797,28,0,28,0.0,124
1530,24842,4,0,4,0.0,6
1531,24853,32,0,32,0.0,139
1532,24871,23,0,23,0.0,107
1533,24875,14,0,14,0.0,46
1534,24877,18,0,18,0.0,60
1535,24883,10,1,9,0.1,26
1536,24894,13,0,13,0.0,44
1537,24900,28,1,27,0.0357,99
1538,24921,21,0,21,0.0,67
1539,24922,19,1,18,0.0526,76
1540,24931,7,0,7,0.0,19
1541,24937,21,0,21,0.0,66
1542,24959,13,2,11,0.1538,38
1543,24963,13,0,13,0.0,37
1544,24970,29,0,29,0.0,105
1545,25010,14,0,14,0.0,39
1546,25084,5,0,5,0.0,12
1547,25127,7,0,7,0.0,15
1548,25146,7,0,7,0.0,19
1549,25151,29,3,26,0.1034,119
1550,25157,18,0,18,0.0,62
1551,25160,24,0,24,0.0,98
1552,25163,66,1,65,0.0152,262
1553,25190,22,0,22,0.0,87
1554,25216,14,0,14,0.0,57
1555,25235,25,3,22,0.12,141
1556,25254,12,0,12,0.0,30
1557,25256,5,0,5,0.0,9
1558,25267,15,0,15,0.0,39
1559,25271,32,1,31,0.0312,129
1560,25289,16,1,15,0.0625,63
1561,25299,10,0,10,0.0,33
1562,25309,9,0,9,0.0,17
1563,25395,22,0,22,0.0,92
1564,25405,10,0,10,0.0,28
1565,25411,49,1,48,0.0204,208
1566,25426,16,0,16,0.0,57
1567,25438,18,0,18,0.0,56
1568,25467,25,0,25,0.0,120
1569,25473,15,1,14,0.0667,60
1570,25528,15,0,15,0.0,54
1571,25532,20,0,20,0.0,83
1572,25539,15,0,15,0.0,53
1573,25573,13,0,13,0.0,53
1574,25587,13,0,13,0.0,46
1575,25606,7,0,7,0.0,19
1576,25673,16,0,16,0.0,58
1577,25685,7,0,7,0.0,20
1578,25700,18,1,17,0.0556,72
1579,25704,6,1,5,0.1667,12
1580,25731,10,3,7,0.3,38
1581,25737,12,4,8,0.3333,43
1582,25745,15,0,15,0.0,62
1583,25774,6,0,6,0.0,12
1584,25787,5,0,5,0.0,10
1585,25789,10,0,10,0.0,25
1586,25790,26,1,25,0.0385,106
1587,25793,3,1,2,0.3333,3
1588,25801,8,0,8,0.0,20
1589,25819,36,1,35,0.0278,176
1590,25840,4,0,4,0.0,6
1591,25843,5,0,5,0.0,10
1592,25881,28,3,25,0.1071,106
1593,25885,12,0,12,0.0,40
1594,25894,7,0,7,0.0,19
1595,25895,24,0,24,0.0,95
1596,25896,13,0,13,0.0,46
1597,25906,13,0,13,0.0,38
1598,25918,24,0,24,0.0,89
1599,26038,7,0,7,0.0,16
1600,26083,6,0,6,0.0,15
1601,26084,30,1,29,0.0333,114
1602,26087,37,0,37,0.0,137
1603,26095,17,0,17,0.0,48
1604,26107,15,0,15,0.0,44
1605,26135,7,0,7,0.0,19
1606,26152,19,1,18,0.0526,83
1607,26158,21,1,20,0.0476,87
1608,26161,43,0,43,0.0,207
1609,26164,4,0,4,0.0,6
1610,26187,7,0,7,0.0,15
1611,26194,9,0,9,0.0,29
1612,26196,23,0,23,0.0,87
1613,26200,7,1,6,0.1429,15
1614,26211,25,0,25,0.0,94
1615,26221,19,0,19,0.0,67
1616,26227,28,1,27,0.0357,106
1617,26231,11,1,10,0.0909,29
1618,26243,12,0,12,0.0,39
1619,26256,11,0,11,0.0,36
1620,26272,12,0,12,0.0,40
1621,26293,10,0,10,0.0,29
1622,26296,33,1,32,0.0303,177
1623,26303,6,0,6,0.0,13
1624,26316,7,0,7,0.0,20
1625,26324,12,0,12,0.0,46
1626,26332,15,4,11,0.2667,83
1627,26333,5,1,4,0.2,8
1628,26338,15,0,15,0.0,68
1629,26344,13,0,13,0.0,44
1630,26345,11,0,11,0.0,25
1631,26359,18,0,18,0.0,65
1632,26364,53,1,52,0.0189,267
1633,26372,12,0,12,0.0,37
1634,26373,19,1,18,0.0526,77
1635,26411,7,0,7,0.0,20
1636,26449,24,0,24,0.0,76
1637,26453,14,0,14,0.0,50
1638,26474,17,0,17,0.0,82
1639,26492,5,0,5,0.0,8
1640,26519,17,0,17,0.0,70
1641,26533,5,0,5,0.0,9
1642,26575,16,0,16,0.0,48
1643,26612,9,1,8,0.1111,27
1644,26654,25,0,25,0.0,113
1645,26661,18,0,18,0.0,108
1646,26670,6,0,6,0.0,9
1647,26676,18,0,18,0.0,63
1648,26686,6,0,6,0.0,11
1649,26699,3,0,3,0.0,3
1650,26772,11,0,11,0.0,32
1651,26774,13,0,13,0.0,44
1652,26775,22,0,22,0.0,100
1653,26781,23,1,22,0.0435,80
1654,26798,3,0,3,0.0,3
1655,26824,5,0,5,0.0,10
1656,26837,8,0,8,0.0,22
1657,26846,16,0,16,0.0,48
1658,26848,10,0,10,0.0,29
1659,26851,17,0,17,0.0,67
1660,26853,15,0,15,0.0,39
1661,26872,14,0,14,0.0,60
1662,26880,14,0,14,0.0,44
1663,26905,58,1,57,0.0172,257
1664,26906,13,0,13,0.0,45
1665,26913,4,1,3,0.25,6
1666,26919,14,0,14,0.0,54
1667,26942,50,0,50,0.0,217
1668,26963,7,0,7,0.0,19
1669,26968,11,0,11,0.0,41
1670,26971,18,1,17,0.0556,57
1671,26978,16,1,15,0.0625,47
1672,26999,5,0,5,0.0,10
1673,27003,12,0,12,0.0,31
1674,27006,7,0,7,0.0,18
1675,27012,21,0,21,0.0,73
1676,27017,3,0,3,0.0,3
1677,27068,29,0,29,0.0,128
1678,27105,6,0,6,0.0,15
1679,27122,19,0,19,0.0,84
1680,27128,8,1,7,0.125,23
1681,27138,17,0,17,0.0,59
1682,27169,16,4,12,0.25,65
1683,27171,74,2,72,0.027,316
1684,27173,22,0,22,0.0,84
1685,27178,7,0,7,0.0,15
1686,27190,7,0,7,0.0,17
1687,27211,23,1,22,0.0435,109
1688,27233,5,0,5,0.0,10
1689,27263,21,0,21,0.0,77
1690,27273,21,3,18,0.1429,90
1691,27279,7,0,7,0.0,19
1692,27288,32,17,15,0.5312,140
1693,27297,6,0,6,0.0,11
1694,27303,34,1,33,0.0294,174
1695,27315,14,0,14,0.0,41
1696,27357,15,0,15,0.0,68
1697,27376,16,0,16,0.0,43
1698,27383,25,1,24,0.04,105
1699,27405,5,0,5,0.0,8
1700,27425,20,1,19,0.05,54
1701,27429,21,14,7,0.6667,109
1702,27464,9,1,8,0.1111,20
1703,27503,35,0,35,0.0,163
1704,27530,49,0,49,0.0,177
1705,27542,13,0,13,0.0,38
1706,27563,11,0,11,0.0,32
1707,27604,14,0,14,0.0,36
1708,27626,9,0,9,0.0,26
1709,27635,5,0,5,0.0,10
1710,27663,6,0,6,0.0,11
1711,27687,12,0,12,0.0,35
1712,27708,9,0,9,0.0,26
1713,27726,29,1,28,0.0345,126
1714,27728,14,0,14,0.0,39
1715,27729,24,0,24,0.0,103
1716,27741,10,1,9,0.1,25
1717,27749,10,0,10,0.0,37
1718,27769,17,0,17,0.0,53
1719,27809,10,0,10,0.0,26
1720,27844,7,1,6,0.1429,18
1721,27861,28,0,28,0.0,140
1722,27879,9,2,7,0.2222,27
1723,27908,9,0,9,0.0,28
1724,27955,45,1,44,0.0222,241
1725,27992,10,1,9,0.1,26
1726,27997,53,0,53,0.0,269
1727,28025,34,1,33,0.0294,126
1728,28034,13,0,13,0.0,52
1729,28037,17,3,14,0.1765,75
1730,28073,11,0,11,0.0,33
1731,28088,8,0,8,0.0,22
1732,28093,11,0,11,0.0,45
1733,28162,17,1,16,0.0588,65
1734,28196,23,0,23,0.0,85
1735,28261,6,0,6,0.0,15
1736,28268,32,0,32,0.0,143
1737,28287,15,0,15,0.0,50
1738,28297,15,1,14,0.0667,55
1739,28300,11,0,11,0.0,36
1740,28308,23,1,22,0.0435,81
1741,28309,12,1,11,0.0833,34
1742,28383,10,0,10,0.0,27
1743,28392,14,0,14,0.0,47
1744,28394,4,0,4,0.0,6
1745,28398,35,0,35,0.0,129
1746,28402,3,1,2,0.3333,3
1747,28407,10,0,10,0.0,24
1748,28414,9,0,9,0.0,23
1749,28418,12,0,12,0.0,40
1750,28448,15,0,15,0.0,55
1751,28456,12,0,12,0.0,42
1752,28466,19,2,17,0.1053,71
1753,28492,15,0,15,0.0,53
1754,28527,51,5,46,0.098,223
1755,28529,17,2,15,0.1176,49
1756,28538,13,1,12,0.0769,36
1757,28544,6,0,6,0.0,12
1758,28551,14,0,14,0.0,47
1759,28565,47,4,43,0.0851,210
1760,28566,11,0,11,0.0,38
1761,28568,17,0,17,0.0,62
1762,28580,36,0,36,0.0,142
1763,28583,6,0,6,0.0,10
1764,28584,9,0,9,0.0,29
1765,28631,5,0,5,0.0,8
1766,28665,11,0,11,0.0,34
1767,28669,6,0,6,0.0,13
1768,28704,16,0,16,0.0,51
1769,28738,60,0,60,0.0,253
1770,28761,5,1,4,0.2,7
1771,28783,8,0,8,0.0,22
1772,28806,12,0,12,0.0,36
1773,28837,20,0,20,0.0,72
1774,28846,18,1,17,0.0556,67
1775,28857,35,0,35,0.0,163
1776,28893,10,1,9,0.1,32
1777,28901,29,0,29,0.0,116
1778,28998,12,0,12,0.0,42
1779,29014,11,0,11,0.0,44
1780,29026,57,1,56,0.0175,221
1781,29045,10,0,10,0.0,33
1782,29050,19,1,18,0.0526,63
1783,29089,9,0,9,0.0,23
1784,29119,8,2,6,0.25,20
1785,29121,8,0,8,0.0,20
1786,29123,5,0,5,0.0,10
1787,29125,8,3,5,0.375,20
1788,29135,7,0,7,0.0,19
1789,29206,14,0,14,0.0,56
1790,29208,14,0,14,0.0,49
1791,29236,6,0,6,0.0,14
1792,29239,6,0,6,0.0,11
1793,29240,4,0,4,0.0,6
1794,29245,7,0,7,0.0,15
1795,29293,21,10,11,0.4762,99
1796,29299,11,6,5,0.5455,34
1797,29300,9,0,9,0.0,31
1798,29301,31,0,31,0.0,133
1799,29321,10,0,10,0.0,34
1800,29327,28,0,28,0.0,95
1801,29331,24,0,24,0.0,94
1802,29356,81,1,80,0.0123,387
1803,29390,11,0,11,0.0,44
1804,29395,14,0,14,0.0,43
1805,29408,14,0,14,0.0,37
1806,29416,12,0,12,0.0,39
1807,29444,6,0,6,0.0,15
1808,29447,10,0,10,0.0,35
1809,29453,7,0,7,0.0,18
1810,29461,28,0,28,0.0,93
1811,29475,11,0,11,0.0,32
1812,29492,24,0,24,0.0,89
1813,29497,16,0,16,0.0,65
1814,29508,31,0,31,0.0,110
1815,29515,9,1,8,0.1111,25
1816,29518,7,1,6,0.1429,16
1817,29532,22,0,22,0.0,92
1818,29540,6,0,6,0.0,11
1819,29543,5,0,5,0.0,10
1820,29548,9,0,9,0.0,25
1821,29563,28,0,28,0.0,111
1822,29572,27,0,27,0.0,100
1823,29581,9,1,8,0.1111,24
1824,29610,21,0,21,0.0,115
1825,29616,16,0,16,0.0,66
1826,29640,22,0,22,0.0,85
1827,29642,6,0,6,0.0,14
1828,29646,4,0,4,0.0,6
1829,29680,12,0,12,0.0,42
1830,29682,17,0,17,0.0,65
1831,29689,22,0,22,0.0,80
1832,29745,4,0,4,0.0,6
1833,29748,32,0,32,0.0,125
1834,29756,7,0,7,0.0,19
1835,29773,28,0,28,0.0,109
1836,29777,14,0,14,0.0,49
1837,29779,23,0,23,0.0,84
1838,29782,43,0,43,0.0,226
1839,29788,16,0,16,0.0,59
1840,29797,14,0,14,0.0,53
1841,29809,9,0,9,0.0,30
1842,29816,31,1,30,0.0323,139
1843,29867,54,3,51,0.0556,258
1844,29884,6,0,6,0.0,15
1845,29892,19,0,19,0.0,74
1846,29896,7,0,7,0.0,16
1847,29908,10,0,10,0.0,29
1848,29916,33,2,31,0.0606,118
1849,29920,15,0,15,0.0,55
1850,29929,4,0,4,0.0,6
1851,29954,5,0,5,0.0,10
1852,29976,4,0,4,0.0,6
1853,30034,8,0,8,0.0,17
1854,30035,10,0,10,0.0,31
1855,30055,17,0,17,0.0,60
1856,30057,21,0,21,0.0,94
1857,30058,17,0,17,0.0,59
1858,30067,6,0,6,0.0,11
1859,30071,9,5,4,0.5556,32
1860,30075,16,0,16,0.0,56
1861,30093,13,0,13,0.0,44
1862,30100,6,1,5,0.1667,11
1863,30101,14,1,13,0.0714,43
1864,30104,15,0,15,0.0,50
1865,30127,18,1,17,0.0556,62
1866,30155,31,0,31,0.0,123
1867,30194,3,0,3,0.0,3
1868,30271,37,0,37,0.0,133
1869,30280,6,0,6,0.0,14
1870,30281,15,0,15,0.0,57
1871,30293,13,0,13,0.0,39
1872,30321,29,0,29,0.0,113
1873,30327,8,0,8,0.0,21
1874,30333,7,0,7,0.0,18
1875,30343,5,0,5,0.0,8
1876,30359,19,0,19,0.0,91
1877,30375,8,0,8,0.0,23
1878,30424,10,0,10,0.0,31
1879,30427,6,0,6,0.0,15
1880,30430,11,0,11,0.0,33
1881,30432,44,0,44,0.0,156
1882,30470,10,0,10,0.0,24
1883,30483,15,1,14,0.0667,53
1884,30488,8,0,8,0.0,19
1885,30498,27,0,27,0.0,111
1886,30548,3,1,2,0.3333,3
1887,30550,38,1,37,0.0263,120
1888,30554,12,0,12,0.0,33
1889,30556,5,0,5,0.0,9
1890,30570,8,0,8,0.0,22
1891,30572,27,1,26,0.037,113
1892,30581,29,0,29,0.0,125
1893,30585,21,0,21,0.0,95
1894,30593,33,0,33,0.0,143
1895,30597,5,3,2,0.6,10
1896,30616,33,0,33,0.0,139
1897,30641,9,0,9,0.0,23
1898,30659,9,0,9,0.0,28
1899,30704,11,1,10,0.0909,42
1900,30707,20,1,19,0.05,63
1901,30710,10,0,10,0.0,34
1902,30720,5,0,5,0.0,10
1903,30737,18,0,18,0.0,67
1904,30749,3,0,3,0.0,3
1905,30781,28,0,28,0.0,92
1906,30840,11,0,11,0.0,30
1907,30846,18,0,18,0.0,64
1908,30852,23,0,23,0.0,88
1909,30865,7,0,7,0.0,17
1910,30869,10,2,8,0.2,36
1911,30873,9,0,9,0.0,29
1912,30896,17,6,11,0.3529,55
1913,30898,11,4,7,0.3636,33
1914,30929,18,0,18,0.0,61
1915,30945,20,0,20,0.0,70
1916,30951,9,0,9,0.0,27
1917,30959,13,0,13,0.0,46
1918,30973,13,0,13,0.0,41
1919,30974,16,0,16,0.0,47
1920,30981,23,0,23,0.0,76
1921,30990,19,0,19,0.0,71
1922,31022,7,0,7,0.0,17
1923,31035,16,0,16,0.0,56
1924,31070,6,0,6,0.0,14
1925,31072,12,1,11,0.0833,37
1926,31082,46,1,45,0.0217,190
1927,31084,15,0,15,0.0,45
1928,31104,51,1,50,0.0196,194
1929,31116,7,0,7,0.0,18
1930,31119,8,0,8,0.0,21
1931,31128,46,6,40,0.1304,239
1932,31138,10,0,10,0.0,35
1933,31188,16,1,15,0.0625,59
1934,31191,13,0,13,0.0,39
1935,31198,7,0,7,0.0,18
1936,31208,17,0,17,0.0,56
1937,31257,3,0,3,0.0,3
1938,31271,42,1,41,0.0238,193
1939,31280,32,0,32,0.0,130
1940,31318,8,0,8,0.0,22
1941,31320,6,0,6,0.0,14
1942,31359,8,0,8,0.0,21
1943,31362,13,1,12,0.0769,29
1944,31418,18,1,17,0.0556,54
1945,31425,7,0,7,0.0,19
1946,31459,23,4,19,0.1739,102
1947,31493,27,0,27,0.0,164
1948,31539,7,0,7,0.0,15
1949,31543,12,1,11,0.0833,49
1950,31555,13,0,13,0.0,50
1951,31558,44,0,44,0.0,169
1952,31567,6,0,6,0.0,12
1953,31648,34,0,34,0.0,155
1954,31684,31,0,31,0.0,113
1955,31688,27,1,26,0.037,111
1956,31728,16,0,16,0.0,46
1957,31731,18,0,18,0.0,73
1958,31733,3,0,3,0.0,3
1959,31751,17,1,16,0.0588,55
1960,31762,4,0,4,0.0,6
1961,31764,8,0,8,0.0,22
1962,31841,14,1,13,0.0714,44
1963,31842,7,1,6,0.1429,18
1964,31868,29,4,25,0.1379,133
1965,31888,12,0,12,0.0,40
1966,31925,16,1,15,0.0625,79
1967,31937,22,2,20,0.0909,81
1968,31949,19,1,18,0.0526,78
1969,31958,8,0,8,0.0,17
1970,31982,14,0,14,0.0,56
1971,31993,10,0,10,0.0,24
1972,31999,29,8,21,0.2759,121
1973,32008,14,6,8,0.4286,61
1974,32047,8,0,8,0.0,22
1975,32059,10,0,10,0.0,27
1976,32064,54,0,54,0.0,252
1977,32068,22,2,20,0.0909,77
1978,32086,4,0,4,0.0,6
1979,32091,7,0,7,0.0,15
1980,32125,17,3,14,0.1765,61
1981,32140,16,0,16,0.0,53
1982,32158,10,0,10,0.0,25
1983,32167,38,0,38,0.0,156
1984,32194,8,0,8,0.0,23
1985,32202,13,1,12,0.0769,42
1986,32203,22,0,22,0.0,95
1987,32219,5,0,5,0.0,10
1988,32235,4,0,4,0.0,6
1989,32236,8,0,8,0.0,24
1990,32248,15,0,15,0.0,38
1991,32265,6,1,5,0.1667,13
1992,32274,12,0,12,0.0,34
1993,32326,10,0,10,0.0,31
1994,32332,14,1,13,0.0714,40
1995,32340,21,0,21,0.0,97
1996,32344,6,0,6,0.0,14
1997,32357,6,0,6,0.0,14
1998,32369,6,0,6,0.0,12
1999,32376,8,0,8,0.0,21
2000,32385,27,1,26,0.037,91
2001,32389,13,0,13,0.0,48
2002,32396,9,1,8,0.1111,23
2003,32401,29,0,29,0.0,102
2004,32412,22,0,22,0.0,66
2005,32420,17,0,17,0.0,62
2006,32429,41,1,40,0.0244,181
2007,32439,22,0,22,0.0,80
2008,32444,21,0,21,0.0,77
2009,32448,10,0,10,0.0,29
2010,32486,5,0,5,0.0,10
2011,32492,13,8,5,0.6154,47
2012,32500,9,0,9,0.0,19
2013,32504,7,0,7,0.0,16
2014,32506,32,2,30,0.0625,127
2015,32509,36,0,36,0.0,152
2016,32519,15,0,15,0.0,64
2017,32556,5,0,5,0.0,10
2018,32591,16,0,16,0.0,45
2019,32596,5,0,5,0.0,10
2020,32605,34,0,34,0.0,131
2021,32607,17,0,17,0.0,61
2022,32676,7,0,7,0.0,19
2023,32679,20,0,20,0.0,82
2024,32681,15,0,15,0.0,51
2025,32685,27,1,26,0.037,128
2026,32701,4,4,0,1.0,6
2027,32720,12,0,12,0.0,29
2028,32728,28,2,26,0.0714,106
2029,32739,21,0,21,0.0,65
2030,32764,38,1,37,0.0263,178
2031,32765,22,1,21,0.0455,86
2032,32826,13,0,13,0.0,43
2033,32853,26,2,24,0.0769,115
2034,32862,6,0,6,0.0,13
2035,32877,12,0,12,0.0,36
2036,32885,10,0,10,0.0,20
2037,32919,16,0,16,0.0,60
2038,32931,11,0,11,0.0,35
2039,32939,29,2,27,0.069,112
2040,32965,4,0,4,0.0,5
2041,32983,11,0,11,0.0,28
2042,33010,5,0,5,0.0,8
2043,33023,13,0,13,0.0,37
2044,33026,14,0,14,0.0,60
2045,33028,33,4,29,0.1212,151
2046,33035,8,0,8,0.0,24
2047,33061,11,0,11,0.0,36
2048,33081,26,0,26,0.0,87
2049,33107,13,0,13,0.0,42
2050,33114,27,0,27,0.0,130
2051,33115,15,1,14,0.0667,64
2052,33122,33,0,33,0.0,123
2053,33129,8,0,8,0.0,23
2054,33150,21,0,21,0.0,70
2055,33160,4,0,4,0.0,6
2056,33215,26,0,26,0.0,113
2057,33238,10,0,10,0.0,32
2058,33261,40,0,40,0.0,176
2059,33284,10,1,9,0.1,25
2060,33300,19,0,19,0.0,84
2061,33316,10,0,10,0.0,36
2062,33318,6,0,6,0.0,12
2063,33322,8,0,8,0.0,20
2064,33328,5,0,5,0.0,9
2065,33332,9,2,7,0.2222,28
2066,33354,11,1,10,0.0909,32
2067,33383,11,8,3,0.7273,43
2068,33388,14,0,14,0.0,52
2069,33410,38,2,36,0.0526,212
2070,33433,38,0,38,0.0,182
2071,33456,12,2,10,0.1667,35
2072,33469,10,0,10,0.0,29
2073,33471,12,3,9,0.25,37
2074,33504,15,0,15,0.0,65
2075,33520,39,0,39,0.0,147
2076,33523,15,0,15,0.0,45
2077,33527,4,0,4,0.0,5
2078,33544,13,0,13,0.0,36
2079,33554,34,1,33,0.0294,133
2080,33562,18,1,17,0.0556,52
2081,33566,24,0,24,0.0,82
2082,33567,17,0,17,0.0,48
2083,33578,5,1,4,0.2,9
2084,33586,20,1,19,0.05,77
2085,33588,32,1,31,0.0312,100
2086,33602,22,3,19,0.1364,90
2087,33610,11,0,11,0.0,46
2088,33620,11,1,10,0.0909,39
2089,33628,11,0,11,0.0,48
2090,33635,25,1,24,0.04,145
2091,33636,11,0,11,0.0,39
2092,33676,8,0,8,0.0,19
2093,33677,9,0,9,0.0,21
2094,33708,17,0,17,0.0,63
2095,33722,19,15,4,0.7895,99
2096,33734,17,0,17,0.0,71
2097,33739,25,1,24,0.04,111
2098,33865,22,3,19,0.1364,89
2099,33870,20,8,12,0.4,90
2100,33891,12,1,11,0.0833,28
2101,33958,7,0,7,0.0,13
2102,33963,3,0,3,0.0,3
2103,33985,20,0,20,0.0,89
2104,34023,10,0,10,0.0,38
2105,34034,5,1,4,0.2,10
2106,34082,19,4,15,0.2105,73
2107,34126,37,2,35,0.0541,182
2108,34128,44,16,28,0.3636,295
2109,34136,18,0,18,0.0,57
2110,34154,9,0,9,0.0,20
2111,34159,25,1,24,0.04,104
2112,34160,16,0,16,0.0,80
2113,34166,33,2,31,0.0606,146
2114,34176,7,0,7,0.0,19
2115,34207,8,0,8,0.0,20
2116,34213,17,1,16,0.0588,55
2117,34230,12,2,10,0.1667,36
2118,34247,11,1,10,0.0909,37
2119,34262,14,1,13,0.0714,67
2120,34276,4,1,3,0.25,6
2121,34312,4,0,4,0.0,6
2122,34330,22,0,22,0.0,128
2123,34338,9,0,9,0.0,22
2124,34359,23,0,23,0.0,81
2125,34375,17,0,17,0.0,64
2126,34393,35,1,34,0.0286,144
2127,34419,7,0,7,0.0,18
2128,34421,21,0,21,0.0,98
2129,34448,23,1,22,0.0435,80
2130,34462,11,8,3,0.7273,30
2131,34474,9,0,9,0.0,23
2132,34516,14,13,1,0.9286,73
2133,34530,38,0,38,0.0,155
2134,34537,5,0,5,0.0,10
2135,34544,8,1,7,0.125,21
2136,34556,12,6,6,0.5,51
2137,34612,10,0,10,0.0,39
2138,34613,5,0,5,0.0,9
2139,34622,23,1,22,0.0435,81
2140,34636,14,1,13,0.0714,41
2141,34638,24,0,24,0.0,75
2142,34646,12,0,12,0.0,37
2143,34656,46,0,46,0.0,211
2144,34682,23,0,23,0.0,83
2145,34687,15,1,14,0.0667,52
2146,34688,6,0,6,0.0,15
2147,34713,9,0,9,0.0,28
2148,34764,13,0,13,0.0,50
2149,34775,8,0,8,0.0,20
2150,34777,9,0,9,0.0,21
2151,34808,16,0,16,0.0,74
2152,34810,14,0,14,0.0,46
2153,34839,12,0,12,0.0,33
2154,34842,61,0,61,0.0,278
2155,34845,6,0,6,0.0,15
2156,34849,17,0,17,0.0,62
2157,34910,13,1,12,0.0769,46
2158,34924,10,0,10,0.0,31
2159,34929,7,0,7,0.0,12
2160,34930,27,0,27,0.0,140
2161,34932,32,0,32,0.0,121
2162,34946,7,0,7,0.0,18
2163,34953,10,0,10,0.0,25
2164,34972,10,0,10,0.0,33
2165,34975,19,0,19,0.0,58
2166,34983,19,1,18,0.0526,74
2167,34987,6,0,6,0.0,14
2168,35014,4,0,4,0.0,6
2169,35031,14,0,14,0.0,45
2170,35037,27,1,26,0.037,109
2171,35046,15,3,12,0.2,59
2172,35074,56,1,55,0.0179,250
2173,35082,5,0,5,0.0,9
2174,35096,36,0,36,0.0,158
2175,35109,6,0,6,0.0,12
2176,35115,5,0,5,0.0,8
2177,35129,10,0,10,0.0,27
2178,35132,7,0,7,0.0,18
2179,35141,21,0,21,0.0,77
2180,35151,41,0,41,0.0,198
2181,35157,12,0,12,0.0,39
2182,35159,8,0,8,0.0,24
2183,35171,20,1,19,0.05,89
2184,35172,30,1,29,0.0333,107
2185,35190,22,1,21,0.0455,77
2186,35267,8,2,6,0.25,22
2187,35281,26,0,26,0.0,99
2188,35305,7,0,7,0.0,16
2189,35314,10,0,10,0.0,38
2190,35348,9,0,9,0.0,27
2191,35355,24,0,24,0.0,98
2192,35364,47,0,47,0.0,209
2193,35374,13,0,13,0.0,37
2194,35386,4,0,4,0.0,6
2195,35409,3,0,3,0.0,3
2196,35432,9,1,8,0.1111,23
2197,35442,24,0,24,0.0,112
2198,35447,21,0,21,0.0,89
2199,35453,12,0,12,0.0,45
2200,35469,16,0,16,0.0,59
2201,35503,6,0,6,0.0,11
2202,35532,43,0,43,0.0,163
2203,35556,11,0,11,0.0,27
2204,35613,15,0,15,0.0,67
2205,35653,19,1,18,0.0526,65
2206,35662,21,0,21,0.0,84
2207,35665,15,0,15,0.0,54
2208,35672,13,1,12,0.0769,36
2209,35689,6,0,6,0.0,9
2210,35720,39,2,37,0.0513,134
2211,35740,24,1,23,0.0417,94
2212,35745,13,0,13,0.0,44
2213,35758,7,0,7,0.0,21
2214,35787,12,0,12,0.0,38
2215,35849,9,0,9,0.0,31
2216,35897,8,0,8,0.0,24
2217,35903,15,1,14,0.0667,52
2218,35912,12,0,12,0.0,41
2219,35974,5,0,5,0.0,10
2220,35976,21,1,20,0.0476,84
2221,35977,23,0,23,0.0,87
2222,35982,14,0,14,0.0,54
2223,35995,20,0,20,0.0,85
2224,36006,20,1,19,0.05,78
2225,36029,18,1,17,0.0556,61
2226,36034,48,0,48,0.0,225
2227,36036,6,1,5,0.1667,13
2228,36040,11,1,10,0.0909,32
2229,36046,9,0,9,0.0,22
2230,36063,30,1,29,0.0333,133
2231,36070,5,0,5,0.0,8
2232,36073,11,0,11,0.0,32
2233,36093,8,0,8,0.0,25
2234,36101,14,0,14,0.0,60
2235,36104,5,0,5,0.0,9
2236,36106,11,0,11,0.0,35
2237,36115,10,0,10,0.0,32
2238,36126,7,0,7,0.0,15
2239,36127,4,0,4,0.0,6
2240,36172,11,1,10,0.0909,41
2241,36181,14,0,14,0.0,45
2242,36209,10,0,10,0.0,31
2243,36237,62,1,61,0.0161,378
2244,36242,33,3,30,0.0909,142
2245,36254,12,1,11,0.0833,29
2246,36270,25,0,25,0.0,112
2247,36280,11,0,11,0.0,34
2248,36287,12,0,12,0.0,38
2249,36289,28,1,27,0.0357,134
2250,36297,7,0,7,0.0,16
2251,36306,21,0,21,0.0,82
2252,36316,83,3,80,0.0361,515
2253,36323,25,0,25,0.0,102
2254,36334,20,0,20,0.0,70
2255,36338,4,0,4,0.0,5
2256,36341,7,0,7,0.0,19
2257,36343,16,0,16,0.0,58
2258,36352,21,0,21,0.0,79
2259,36360,29,0,29,0.0,122
2260,36365,35,1,34,0.0286,150
2261,36418,16,0,16,0.0,48
2262,36442,7,0,7,0.0,14
2263,36448,5,0,5,0.0,10
2264,36480,56,1,55,0.0179,277
2265,36493,7,0,7,0.0,21
2266,36495,47,1,46,0.0213,194
2267,36499,21,0,21,0.0,130
2268,36502,13,2,11,0.1538,47
2269,36508,11,0,11,0.0,32
2270,36513,3,0,3,0.0,3
2271,36598,9,0,9,0.0,20
2272,36628,8,0,8,0.0,21
2273,36676,13,0,13,0.0,37
2274,36708,6,0,6,0.0,12
2275,36713,33,5,28,0.1515,145
2276,36746,6,1,5,0.1667,14
2277,36794,20,0,20,0.0,75
2278,36847,6,0,6,0.0,14
2279,36850,4,0,4,0.0,6
2280,36853,20,0,20,0.0,81
2281,36873,12,3,9,0.25,45
2282,36906,7,2,5,0.2857,14
2283,36960,9,0,9,0.0,20
2284,36961,9,0,9,0.0,21
2285,36996,39,0,39,0.0,146
2286,37005,4,1,3,0.25,5
2287,37041,13,2,11,0.1538,56
2288,37043,9,0,9,0.0,27
2289,37057,15,0,15,0.0,50
2290,37063,12,0,12,0.0,35
2291,37107,20,0,20,0.0,75
2292,37109,8,0,8,0.0,24
2293,37134,36,1,35,0.0278,143
2294,37180,19,0,19,0.0,110
2295,37185,19,0,19,0.0,58
2296,37208,12,1,11,0.0833,31
2297,37256,10,1,9,0.1,33
2298,37322,10,0,10,0.0,30
2299,37376,13,1,12,0.0769,54
2300,37402,11,1,10,0.0909,23
2301,37414,8,0,8,0.0,22
2302,37489,31,2,29,0.0645,135
2303,37505,13,0,13,0.0,38
2304,37516,24,0,24,0.0,82
2305,37521,17,0,17,0.0,67
2306,37532,10,0,10,0.0,33
2307,37541,14,0,14,0.0,44
2308,37568,16,0,16,0.0,53
2309,37586,13,0,13,0.0,39
2310,37601,27,0,27,0.0,115
2311,37602,10,1,9,0.1,26
2312,37611,5,0,5,0.0,9
2313,37614,28,0,28,0.0,130
2314,37642,44,0,44,0.0,184
2315,37665,6,0,6,0.0,13
2316,37711,8,0,8,0.0,22
2317,37732,5,0,5,0.0,9
2318,37741,53,1,52,0.0189,278
2319,37749,18,0,18,0.0,64
2320,37767,9,0,9,0.0,21
2321,37777,6,0,6,0.0,13
2322,37800,21,0,21,0.0,81
2323,37803,45,0,45,0.0,214
2324,37808,27,0,27,0.0,93
2325,37895,29,1,28,0.0345,134
2326,37899,24,1,23,0.0417,91
2327,37921,16,1,15,0.0625,52
2328,37927,4,0,4,0.0,6
2329,37950,10,0,10,0.0,33
2330,37956,5,0,5,0.0,10
2331,37958,16,0,16,0.0,65
2332,37966,12,0,12,0.0,34
2333,37972,19,0,19,0.0,73
2334,37974,48,1,47,0.0208,235
2335,38009,39,2,37,0.0513,169
2336,38022,41,1,40,0.0244,166
2337,38023,18,0,18,0.0,70
2338,38036,7,0,7,0.0,13
2339,38059,13,0,13,0.0,31
2340,38097,7,0,7,0.0,17
2341,38114,6,0,6,0.0,13
2342,38117,5,0,5,0.0,9
2343,38124,15,0,15,0.0,46
2344,38125,17,1,16,0.0588,70
2345,38129,9,0,9,0.0,21
2346,38164,10,2,8,0.2,32
2347,38172,28,0,28,0.0,94
2348,38182,10,0,10,0.0,26
2349,38195,15,0,15,0.0,55
2350,38225,4,1,3,0.25,6
2351,38229,8,0,8,0.0,27
2352,38235,19,1,18,0.0526,69
2353,38238,15,0,15,0.0,58
2354,38239,14,0,14,0.0,54
2355,38240,7,1,6,0.1429,18
2356,38247,8,0,8,0.0,15
2357,38263,5,0,5,0.0,10
2358,38280,11,1,10,0.0909,33
2359,38312,19,0,19,0.0,71
2360,38317,9,0,9,0.0,21
2361,38340,11,0,11,0.0,39
2362,38341,12,1,11,0.0833,40
2363,38343,22,3,19,0.1364,84
2364,38361,8,0,8,0.0,22
2365,38371,17,1,16,0.0588,59
2366,38382,13,0,13,0.0,41
2367,38427,60,0,60,0.0,243
2368,38430,6,0,6,0.0,11
2369,38432,6,0,6,0.0,11
2370,38438,11,0,11,0.0,31
2371,38477,20,0,20,0.0,74
2372,38482,6,0,6,0.0,11
2373,38499,11,0,11,0.0,35
2374,38506,15,1,14,0.0667,66
2375,38508,9,0,9,0.0,21
2376,38537,14,0,14,0.0,42
2377,38563,17,0,17,0.0,58
2378,38566,11,1,10,0.0909,27
2379,38568,19,1,18,0.0526,72
2380,38579,8,0,8,0.0,22
2381,38590,14,0,14,0.0,50
2382,38595,30,0,30,0.0,101
2383,38622,29,0,29,0.0,125
2384,38652,8,0,8,0.0,21
2385,38706,16,0,16,0.0,66
2386,38714,53,0,53,0.0,238
2387,38727,18,0,18,0.0,49
2388,38755,12,1,11,0.0833,39
2389,38758,5,2,3,0.4,9
2390,38771,18,0,18,0.0,86
2391,38778,4,0,4,0.0,5
2392,38791,21,0,21,0.0,72
2393,38797,10,0,10,0.0,28
2394,38819,19,0,19,0.0,78
2395,38823,6,0,6,0.0,15
2396,38835,16,0,16,0.0,53
2397,38838,6,0,6,0.0,14
2398,38840,6,1,5,0.1667,13
2399,38845,12,1,11,0.0833,42
2400,38851,8,0,8,0.0,24
2401,38866,17,0,17,0.0,47
2402,38871,6,0,6,0.0,12
2403,38917,13,0,13,0.0,49
2404,38925,11,1,10,0.0909,22
2405,38933,17,0,17,0.0,72
2406,38940,7,4,3,0.5714,17
2407,38960,26,0,26,0.0,95
2408,38965,31,0,31,0.0,134
2409,38968,14,0,14,0.0,49
2410,38980,20,0,20,0.0,84
2411,39001,30,1,29,0.0333,135
2412,39008,7,0,7,0.0,17
2413,39030,28,1,27,0.0357,96
2414,39075,24,0,24,0.0,107
2415,39089,23,0,23,0.0,65
2416,39093,7,0,7,0.0,13
2417,39111,7,0,7,0.0,17
2418,39114,22,0,22,0.0,89
2419,39158,25,0,25,0.0,105
2420,39165,6,0,6,0.0,13
2421,39172,17,0,17,0.0,43
2422,39174,5,0,5,0.0,6
2423,39212,5,0,5,0.0,8
2424,39238,7,1,6,0.1429,19
2425,39240,8,0,8,0.0,21
2426,39258,9,0,9,0.0,23
2427,39319,4,0,4,0.0,5
2428,39373,6,0,6,0.0,12
2429,39389,8,0,8,0.0,19
2430,39417,13,0,13,0.0,48
2431,39420,5,0,5,0.0,7
2432,39443,26,0,26,0.0,83
2433,39464,18,0,18,0.0,56
2434,39470,31,0,31,0.0,121
2435,39488,13,0,13,0.0,41
2436,39490,11,0,11,0.0,30
2437,39495,7,0,7,0.0,13
2438,39507,16,0,16,0.0,48
2439,39511,7,0,7,0.0,16
2440,39548,49,2,47,0.0408,234
2441,39550,11,0,11,0.0,40
2442,39560,4,0,4,0.0,6
2443,39575,20,1,19,0.05,78
2444,39579,5,0,5,0.0,10
2445,39580,8,1,7,0.125,16
2446,39587,26,0,26,0.0,119
2447,39621,7,0,7,0.0,15
2448,39648,5,0,5,0.0,9
2449,39653,15,0,15,0.0,45
2450,39659,24,0,24,0.0,98
2451,39691,16,0,16,0.0,60
2452,39696,13,0,13,0.0,45
2453,39706,5,0,5,0.0,10
2454,39719,12,0,12,0.0,43
2455,39735,18,0,18,0.0,66
2456,39752,13,0,13,0.0,50
2457,39779,5,0,5,0.0,10
2458,39783,8,1,7,0.125,23
2459,39821,6,0,6,0.0,11
2460,39837,17,1,16,0.0588,58
2461,39839,5,0,5,0.0,10
2462,39876,13,0,13,0.0,47
2463,39889,8,0,8,0.0,21
2464,39924,43,1,42,0.0233,204
2465,39930,15,1,14,0.0667,53
2466,39958,25,1,24,0.04,102
2467,39998,37,0,37,0.0,160
2468,40010,13,0,13,0.0,45
2469,40021,20,0,20,0.0,59
2470,40089,25,4,21,0.16,117
2471,40098,8,0,8,0.0,23
2472,40121,8,1,7,0.125,19
2473,40130,9,0,9,0.0,21
2474,40172,10,0,10,0.0,32
2475,40178,23,0,23,0.0,113
2476,40179,14,0,14,0.0,50
2477,40188,16,0,16,0.0,43
2478,40189,42,1,41,0.0238,173
2479,40191,19,0,19,0.0,64
2480,40192,17,0,17,0.0,58
2481,40198,21,0,21,0.0,77
2482,40209,8,0,8,0.0,17
2483,40230,10,0,10,0.0,28
2484,40248,3,0,3,0.0,3
2485,40263,5,0,5,0.0,9
2486,40290,23,0,23,0.0,86
2487,40352,15,0,15,0.0,45
2488,40368,21,1,20,0.0476,78
2489,40376,14,0,14,0.0,60
2490,40400,12,0,12,0.0,36
2491,40405,10,5,5,0.5,41
2492,40411,18,9,9,0.5,91
2493,40432,41,0,41,0.0,171
2494,40434,14,0,14,0.0,46
2495,40447,11,0,11,0.0,37
2496,40450,8,0,8,0.0,20
2497,40488,4,1,3,0.25,5
2498,40492,21,0,21,0.0,76
2499,40508,12,0,12,0.0,38
2500,40509,6,0,6,0.0,13
2501,40510,8,1,7,0.125,22
2502,40540,23,2,21,0.087,105
2503,40569,13,0,13,0.0,43
2504,40620,7,0,7,0.0,16
2505,40635,19,1,18,0.0526,63
2506,40673,11,0,11,0.0,31
2507,40709,6,0,6,0.0,13
2508,40713,21,1,20,0.0476,98
2509,40714,4,0,4,0.0,6
2510,40786,15,0,15,0.0,43
2511,40812,12,0,12,0.0,44
2512,40817,36,2,34,0.0556,189
2513,40828,31,0,31,0.0,126
2514,40882,16,1,15,0.0625,85
2515,40906,24,2,22,0.0833,111
2516,40910,17,0,17,0.0,71
2517,40929,20,1,19,0.05,73
2518,40930,27,0,27,0.0,104
2519,40933,4,0,4,0.0,5
2520,40944,10,3,7,0.3,41
2521,40972,7,0,7,0.0,18
2522,40993,41,1,40,0.0244,205
2523,41008,33,0,33,0.0,149
2524,41023,5,2,3,0.4,10
2525,41032,16,0,16,0.0,70
2526,41035,13,0,13,0.0,34
2527,41037,14,1,13,0.0714,65
2528,41041,9,0,9,0.0,29
2529,41044,17,0,17,0.0,54
2530,41047,15,0,15,0.0,60
2531,41064,10,0,10,0.0,25
2532,41071,27,0,27,0.0,121
2533,41074,12,0,12,0.0,40
2534,41087,30,1,29,0.0333,130
2535,41101,5,1,4,0.2,10
2536,41117,6,0,6,0.0,12
2537,41123,5,0,5,0.0,9
2538,41129,33,2,31,0.0606,169
2539,41134,9,2,7,0.2222,21
2540,41149,30,3,27,0.1,145
2541,41171,13,4,9,0.3077,54
2542,41207,22,5,17,0.2273,98
2543,41217,21,9,12,0.4286,110
2544,41230,9,6,3,0.6667,38
2545,41231,10,5,5,0.5,31
2546,41249,7,2,5,0.2857,18
2547,41263,25,4,21,0.16,122
2548,41271,11,2,9,0.1818,42
2549,41273,9,6,3,0.6667,38
